linha_readme,categoria,api,url_catalogo,decisao,motivo,evidencia
45,APIs Covered Under APILayer Suite!,IPstack,https://ipstack.com/?utm_source=Github&utm_medium=Referral&utm_campaign=Public-apis-repo-Best-sellers,Promocional,"Entrada promocional, não uma justificativa de gratuidade ou adequação ao produto.",Somente catálogo
46,APIs Covered Under APILayer Suite!,Marketstack,https://marketstack.com/?utm_source=Github&utm_medium=Referral&utm_campaign=Public-apis-repo-Best-sellers,Promocional,"Entrada promocional, não uma justificativa de gratuidade ou adequação ao produto.",Somente catálogo
47,APIs Covered Under APILayer Suite!,Weatherstack,https://weatherstack.com/?utm_source=Github&utm_medium=Referral&utm_campaign=Public-apis-repo-Best-sellers,Promocional,"Entrada promocional, não uma justificativa de gratuidade ou adequação ao produto.",Somente catálogo
48,APIs Covered Under APILayer Suite!,Numverify,https://numverify.com/?utm_source=Github&utm_medium=Referral&utm_campaign=Public-apis-repo-Best-sellers,Promocional,"Entrada promocional, não uma justificativa de gratuidade ou adequação ao produto.",Somente catálogo
49,APIs Covered Under APILayer Suite!,Fixer,https://fixer.io/?utm_source=Github&utm_medium=Referral&utm_campaign=Public-apis-repo-Best-sellers,Promocional,"Entrada promocional, não uma justificativa de gratuidade ou adequação ao produto.",Somente catálogo
50,APIs Covered Under APILayer Suite!,Aviationstack,https://aviationstack.com/?utm_source=Github&utm_medium=Referral&utm_campaign=Public-apis-repo-Best-sellers,Promocional,"Entrada promocional, não uma justificativa de gratuidade ou adequação ao produto.",Somente catálogo
51,APIs Covered Under APILayer Suite!,Zenserp,https://zenserp.com/?utm_source=Github&utm_medium=Referral&utm_campaign=Public-apis-repo-Best-sellers,Promocional,"Entrada promocional, não uma justificativa de gratuidade ou adequação ao produto.",Somente catálogo
52,APIs Covered Under APILayer Suite!,Filestack,https://www.filestack.com/signup-free//?utm_source=Github&utm_medium=Referral&utm_campaign=Public-apis-repo-Best-sellers,Promocional,"Entrada promocional, não uma justificativa de gratuidade ou adequação ao produto.",Somente catálogo
53,APIs Covered Under APILayer Suite!,Screenshotlayer,https://screenshotlayer.com/?utm_source=Github&utm_medium=Referral&utm_campaign=Public-apis-repo-Best-sellers,Promocional,"Entrada promocional, não uma justificativa de gratuidade ou adequação ao produto.",Somente catálogo
54,APIs Covered Under APILayer Suite!,Exchangerate Host,https://exchangerate.host/?utm_source=Github&utm_medium=Referral&utm_campaign=Public-apis-repo-Best-sellers,Promocional,"Entrada promocional, não uma justificativa de gratuidade ou adequação ao produto.",Somente catálogo
55,APIs Covered Under APILayer Suite!,Mailboxlayer,https://mailboxlayer.com/?utm_source=Github&utm_medium=Referral&utm_campaign=Public-apis-repo-Best-sellers,Promocional,"Entrada promocional, não uma justificativa de gratuidade ou adequação ao produto.",Somente catálogo
130,Animals,AdoptAPet,https://www.adoptapet.com/public/apis/pet_list.html,Fora do escopo,"Conteúdo desta categoria não atende a cadastro, contas, categorias, lançamentos ou dashboard pessoal.",Somente catálogo
131,Animals,Axolotl,https://theaxolotlapi.netlify.app/,Fora do escopo,"Conteúdo desta categoria não atende a cadastro, contas, categorias, lançamentos ou dashboard pessoal.",Somente catálogo
132,Animals,Cat Facts,https://alexwohlbruck.github.io/cat-facts/,Fora do escopo,"Conteúdo desta categoria não atende a cadastro, contas, categorias, lançamentos ou dashboard pessoal.",Somente catálogo
133,Animals,Cat Facts,https://catfact.ninja/,Fora do escopo,"Conteúdo desta categoria não atende a cadastro, contas, categorias, lançamentos ou dashboard pessoal.",Somente catálogo
134,Animals,Cataas,https://cataas.com/,Fora do escopo,"Conteúdo desta categoria não atende a cadastro, contas, categorias, lançamentos ou dashboard pessoal.",Somente catálogo
135,Animals,Cats,https://docs.thecatapi.com/,Fora do escopo,"Conteúdo desta categoria não atende a cadastro, contas, categorias, lançamentos ou dashboard pessoal.",Somente catálogo
136,Animals,Dog Facts,https://dukengn.github.io/Dog-facts-API/,Fora do escopo,"Conteúdo desta categoria não atende a cadastro, contas, categorias, lançamentos ou dashboard pessoal.",Somente catálogo
137,Animals,Dog Facts,https://kinduff.github.io/dog-api/,Fora do escopo,"Conteúdo desta categoria não atende a cadastro, contas, categorias, lançamentos ou dashboard pessoal.",Somente catálogo
138,Animals,Dogs,https://dog.ceo/dog-api/,Fora do escopo,"Conteúdo desta categoria não atende a cadastro, contas, categorias, lançamentos ou dashboard pessoal.",Somente catálogo
139,Animals,eBird,https://documenter.getpostman.com/view/664302/S1ENwy59,Fora do escopo,"Conteúdo desta categoria não atende a cadastro, contas, categorias, lançamentos ou dashboard pessoal.",Somente catálogo
140,Animals,FishWatch,https://www.fishwatch.gov/developers,Fora do escopo,"Conteúdo desta categoria não atende a cadastro, contas, categorias, lançamentos ou dashboard pessoal.",Somente catálogo
141,Animals,HTTP Cat,https://http.cat/,Fora do escopo,"Conteúdo desta categoria não atende a cadastro, contas, categorias, lançamentos ou dashboard pessoal.",Somente catálogo
142,Animals,HTTP Dog,https://http.dog/,Fora do escopo,"Conteúdo desta categoria não atende a cadastro, contas, categorias, lançamentos ou dashboard pessoal.",Somente catálogo
143,Animals,IUCN,http://apiv3.iucnredlist.org/api/v3/docs,Fora do escopo,"Conteúdo desta categoria não atende a cadastro, contas, categorias, lançamentos ou dashboard pessoal.",Somente catálogo
144,Animals,MeowFacts,https://github.com/wh-iterabb-it/meowfacts,Fora do escopo,"Conteúdo desta categoria não atende a cadastro, contas, categorias, lançamentos ou dashboard pessoal.",Somente catálogo
145,Animals,Movebank,https://github.com/movebank/movebank-api-doc,Fora do escopo,"Conteúdo desta categoria não atende a cadastro, contas, categorias, lançamentos ou dashboard pessoal.",Somente catálogo
146,Animals,Petfinder,https://www.petfinder.com/developers/,Fora do escopo,"Conteúdo desta categoria não atende a cadastro, contas, categorias, lançamentos ou dashboard pessoal.",Somente catálogo
147,Animals,PlaceBear,https://placebear.com/,Fora do escopo,"Conteúdo desta categoria não atende a cadastro, contas, categorias, lançamentos ou dashboard pessoal.",Somente catálogo
148,Animals,PlaceDog,https://place.dog,Fora do escopo,"Conteúdo desta categoria não atende a cadastro, contas, categorias, lançamentos ou dashboard pessoal.",Somente catálogo
149,Animals,RandomDog,https://random.dog/woof.json,Fora do escopo,"Conteúdo desta categoria não atende a cadastro, contas, categorias, lançamentos ou dashboard pessoal.",Somente catálogo
150,Animals,RandomDuck,https://random-d.uk/api,Fora do escopo,"Conteúdo desta categoria não atende a cadastro, contas, categorias, lançamentos ou dashboard pessoal.",Somente catálogo
151,Animals,RandomFox,https://randomfox.ca/floof/,Fora do escopo,"Conteúdo desta categoria não atende a cadastro, contas, categorias, lançamentos ou dashboard pessoal.",Somente catálogo
152,Animals,RescueGroups,https://userguide.rescuegroups.org/display/APIDG/API+Developers+Guide+Home,Fora do escopo,"Conteúdo desta categoria não atende a cadastro, contas, categorias, lançamentos ou dashboard pessoal.",Somente catálogo
153,Animals,Shibe.Online,http://shibe.online/,Fora do escopo,"Conteúdo desta categoria não atende a cadastro, contas, categorias, lançamentos ou dashboard pessoal.",Somente catálogo
154,Animals,The Dog,https://thedogapi.com/,Fora do escopo,"Conteúdo desta categoria não atende a cadastro, contas, categorias, lançamentos ou dashboard pessoal.",Somente catálogo
155,Animals,xeno-canto,https://xeno-canto.org/explore/api,Fora do escopo,"Conteúdo desta categoria não atende a cadastro, contas, categorias, lançamentos ou dashboard pessoal.",Somente catálogo
164,Anime,AniAPI,https://aniapi.com/docs/,Fora do escopo,"Conteúdo desta categoria não atende a cadastro, contas, categorias, lançamentos ou dashboard pessoal.",Somente catálogo
165,Anime,AniDB,https://wiki.anidb.net/HTTP_API_Definition,Fora do escopo,"Conteúdo desta categoria não atende a cadastro, contas, categorias, lançamentos ou dashboard pessoal.",Somente catálogo
166,Anime,AniList,https://github.com/AniList/ApiV2-GraphQL-Docs,Fora do escopo,"Conteúdo desta categoria não atende a cadastro, contas, categorias, lançamentos ou dashboard pessoal.",Somente catálogo
167,Anime,AnimeChan,https://github.com/RocktimSaikia/anime-chan,Fora do escopo,"Conteúdo desta categoria não atende a cadastro, contas, categorias, lançamentos ou dashboard pessoal.",Somente catálogo
168,Anime,AnimeFacts,https://chandan-02.github.io/anime-facts-rest-api/,Fora do escopo,"Conteúdo desta categoria não atende a cadastro, contas, categorias, lançamentos ou dashboard pessoal.",Somente catálogo
169,Anime,AnimeNewsNetwork,https://www.animenewsnetwork.com/encyclopedia/api.php,Fora do escopo,"Conteúdo desta categoria não atende a cadastro, contas, categorias, lançamentos ou dashboard pessoal.",Somente catálogo
170,Anime,Catboy,https://catboys.com/api,Fora do escopo,"Conteúdo desta categoria não atende a cadastro, contas, categorias, lançamentos ou dashboard pessoal.",Somente catálogo
171,Anime,Danbooru Anime,https://danbooru.donmai.us/wiki_pages/help:api,Fora do escopo,"Conteúdo desta categoria não atende a cadastro, contas, categorias, lançamentos ou dashboard pessoal.",Somente catálogo
172,Anime,Jikan,https://jikan.moe,Fora do escopo,"Conteúdo desta categoria não atende a cadastro, contas, categorias, lançamentos ou dashboard pessoal.",Somente catálogo
173,Anime,Kitsu,https://kitsu.docs.apiary.io/,Fora do escopo,"Conteúdo desta categoria não atende a cadastro, contas, categorias, lançamentos ou dashboard pessoal.",Somente catálogo
174,Anime,MangaDex,https://api.mangadex.org/docs.html,Fora do escopo,"Conteúdo desta categoria não atende a cadastro, contas, categorias, lançamentos ou dashboard pessoal.",Somente catálogo
175,Anime,Mangapi,https://rapidapi.com/pierre.carcellermeunier/api/mangapi3/,Fora do escopo,"Conteúdo desta categoria não atende a cadastro, contas, categorias, lançamentos ou dashboard pessoal.",Somente catálogo
176,Anime,MyAnimeList,https://myanimelist.net/clubs.php?cid=13727,Fora do escopo,"Conteúdo desta categoria não atende a cadastro, contas, categorias, lançamentos ou dashboard pessoal.",Somente catálogo
177,Anime,NekosBest,https://docs.nekos.best,Fora do escopo,"Conteúdo desta categoria não atende a cadastro, contas, categorias, lançamentos ou dashboard pessoal.",Somente catálogo
178,Anime,Shikimori,https://shikimori.one/api/doc,Fora do escopo,"Conteúdo desta categoria não atende a cadastro, contas, categorias, lançamentos ou dashboard pessoal.",Somente catálogo
179,Anime,Studio Ghibli,https://ghibliapi.vercel.app,Fora do escopo,"Conteúdo desta categoria não atende a cadastro, contas, categorias, lançamentos ou dashboard pessoal.",Somente catálogo
180,Anime,Trace Moe,https://soruly.github.io/trace.moe-api/#/,Fora do escopo,"Conteúdo desta categoria não atende a cadastro, contas, categorias, lançamentos ou dashboard pessoal.",Somente catálogo
181,Anime,Waifu.im,https://waifu.im/docs,Fora do escopo,"Conteúdo desta categoria não atende a cadastro, contas, categorias, lançamentos ou dashboard pessoal.",Somente catálogo
182,Anime,Waifu.pics,https://waifu.pics/docs,Fora do escopo,"Conteúdo desta categoria não atende a cadastro, contas, categorias, lançamentos ou dashboard pessoal.",Somente catálogo
191,Anti-Malware,AbuseIPDB,https://docs.abuseipdb.com/,Fora do escopo,Não há upload público de arquivos ou análise de URLs no escopo atual.,Somente catálogo
192,Anti-Malware,AlienVault Open Threat Exchange (OTX),https://otx.alienvault.com/api,Fora do escopo,Não há upload público de arquivos ou análise de URLs no escopo atual.,Somente catálogo
193,Anti-Malware,CAPEsandbox,https://capev2.readthedocs.io/en/latest/usage/api.html,Fora do escopo,Não há upload público de arquivos ou análise de URLs no escopo atual.,Somente catálogo
194,Anti-Malware,Google Safe Browsing,https://developers.google.com/safe-browsing/,Fora do escopo,Não há upload público de arquivos ou análise de URLs no escopo atual.,Somente catálogo
195,Anti-Malware,IPWhois.net Blacklist,https://ipwhois.net/blacklist/docs,Fora do escopo,Não há upload público de arquivos ou análise de URLs no escopo atual.,Somente catálogo
196,Anti-Malware,MalDatabase,https://maldatabase.com/api-doc.html,Fora do escopo,Não há upload público de arquivos ou análise de URLs no escopo atual.,Somente catálogo
197,Anti-Malware,MalShare,https://malshare.com/doc.php,Fora do escopo,Não há upload público de arquivos ou análise de URLs no escopo atual.,Somente catálogo
198,Anti-Malware,MalwareBazaar,https://bazaar.abuse.ch/api/,Fora do escopo,Não há upload público de arquivos ou análise de URLs no escopo atual.,Somente catálogo
199,Anti-Malware,Metacert,https://metacert.com/,Fora do escopo,Não há upload público de arquivos ou análise de URLs no escopo atual.,Somente catálogo
200,Anti-Malware,NoPhishy,https://rapidapi.com/Amiichu/api/exerra-phishing-check/,Fora do escopo,Não há upload público de arquivos ou análise de URLs no escopo atual.,Somente catálogo
201,Anti-Malware,Phisherman,https://phisherman.gg/,Fora do escopo,Não há upload público de arquivos ou análise de URLs no escopo atual.,Somente catálogo
202,Anti-Malware,Scanii,https://docs.scanii.com/,Fora do escopo,Não há upload público de arquivos ou análise de URLs no escopo atual.,Somente catálogo
203,Anti-Malware,URLhaus,https://urlhaus-api.abuse.ch/,Fora do escopo,Não há upload público de arquivos ou análise de URLs no escopo atual.,Somente catálogo
204,Anti-Malware,URLScan.io,https://urlscan.io/about-api/,Fora do escopo,Não há upload público de arquivos ou análise de URLs no escopo atual.,Somente catálogo
205,Anti-Malware,VirusTotal,https://docs.virustotal.com/reference/overview,Fora do escopo,Não há upload público de arquivos ou análise de URLs no escopo atual.,Somente catálogo
206,Anti-Malware,Web of Trust,https://support.mywot.com/hc/en-us/sections/360004477734-API-,Fora do escopo,Não há upload público de arquivos ou análise de URLs no escopo atual.,Somente catálogo
214,Art & Design,Améthyste,https://api.amethyste.moe/,Fora do escopo,Não há necessidade deste acervo ou serviço visual; a coleção de ícones é tratada individualmente.,Somente catálogo
215,Art & Design,Art Institute of Chicago,https://api.artic.edu/docs/,Fora do escopo,Não há necessidade deste acervo ou serviço visual; a coleção de ícones é tratada individualmente.,Somente catálogo
216,Art & Design,Colormind,http://colormind.io/api-access/,Fora do escopo,Não há necessidade deste acervo ou serviço visual; a coleção de ícones é tratada individualmente.,Somente catálogo
217,Art & Design,ColourLovers,http://www.colourlovers.com/api,Fora do escopo,Não há necessidade deste acervo ou serviço visual; a coleção de ícones é tratada individualmente.,Somente catálogo
218,Art & Design,Cooper Hewitt,https://collection.cooperhewitt.org/api,Fora do escopo,Não há necessidade deste acervo ou serviço visual; a coleção de ícones é tratada individualmente.,Somente catálogo
219,Art & Design,Dribbble,https://developer.dribbble.com,Fora do escopo,Não há necessidade deste acervo ou serviço visual; a coleção de ícones é tratada individualmente.,Somente catálogo
220,Art & Design,DummyImage,https://dummyimage.com/,Fora do escopo,Não há necessidade deste acervo ou serviço visual; a coleção de ícones é tratada individualmente.,Somente catálogo
221,Art & Design,EmojiHub,https://github.com/cheatsnake/emojihub,Fora do escopo,Não há necessidade deste acervo ou serviço visual; a coleção de ícones é tratada individualmente.,Somente catálogo
222,Art & Design,Europeana,https://pro.europeana.eu/resources/apis/search,Fora do escopo,Não há necessidade deste acervo ou serviço visual; a coleção de ícones é tratada individualmente.,Somente catálogo
223,Art & Design,Harvard Art Museums,https://github.com/harvardartmuseums/api-docs,Fora do escopo,Não há necessidade deste acervo ou serviço visual; a coleção de ícones é tratada individualmente.,Somente catálogo
224,Art & Design,Icon Horse,https://icon.horse,Fora do escopo,Não há necessidade deste acervo ou serviço visual; a coleção de ícones é tratada individualmente.,Somente catálogo
225,Art & Design,Iconfinder,https://developer.iconfinder.com,Fora do escopo,Não há necessidade deste acervo ou serviço visual; a coleção de ícones é tratada individualmente.,Somente catálogo
226,Art & Design,Iconify,https://iconify.design/docs/api/,Prioridade UI,Obter ícones de uma coleção consistente e incorporá-los localmente; conferir licença.,Documentação e consulta pública
227,Art & Design,Icons8,https://img.icons8.com/,Fora do escopo,Não há necessidade deste acervo ou serviço visual; a coleção de ícones é tratada individualmente.,Somente catálogo
228,Art & Design,Lordicon,https://lordicon.com/,Fora do escopo,Não há necessidade deste acervo ou serviço visual; a coleção de ícones é tratada individualmente.,Somente catálogo
229,Art & Design,Metropolitan Museum of Art,https://metmuseum.github.io/,Fora do escopo,Não há necessidade deste acervo ou serviço visual; a coleção de ícones é tratada individualmente.,Somente catálogo
230,Art & Design,Noun Project,http://api.thenounproject.com/index.html,Fora do escopo,Não há necessidade deste acervo ou serviço visual; a coleção de ícones é tratada individualmente.,Somente catálogo
231,Art & Design,PHP-Noise,https://php-noise.com/,Fora do escopo,Não há necessidade deste acervo ou serviço visual; a coleção de ícones é tratada individualmente.,Somente catálogo
232,Art & Design,Pixel Encounter,https://pixelencounter.com/api,Fora do escopo,Não há necessidade deste acervo ou serviço visual; a coleção de ícones é tratada individualmente.,Somente catálogo
233,Art & Design,Rijksmuseum,https://data.rijksmuseum.nl/object-metadata/api/,Fora do escopo,Não há necessidade deste acervo ou serviço visual; a coleção de ícones é tratada individualmente.,Somente catálogo
234,Art & Design,Smithsonian Open Access,https://github.com/Smithsonian/smithsonian-openaccess,Fora do escopo,Não há necessidade deste acervo ou serviço visual; a coleção de ícones é tratada individualmente.,Somente catálogo
235,Art & Design,Thisispaper,https://www.thisispaper.com/intelligence/api-docs,Fora do escopo,Não há necessidade deste acervo ou serviço visual; a coleção de ícones é tratada individualmente.,Somente catálogo
236,Art & Design,UpRes,https://upres.ai/docs/api,Fora do escopo,Não há necessidade deste acervo ou serviço visual; a coleção de ícones é tratada individualmente.,Somente catálogo
237,Art & Design,Text-till-Kladdesign,https://text-till-klad-design.gracestack.se/api/v1/openapi.json,Fora do escopo,Não há necessidade deste acervo ou serviço visual; a coleção de ícones é tratada individualmente.,Somente catálogo
238,Art & Design,Word Cloud,https://wordcloudapi.com/,Fora do escopo,Não há necessidade deste acervo ou serviço visual; a coleção de ícones é tratada individualmente.,Somente catálogo
246,Authentication & Authorization,Auth0,https://auth0.com,Fora do escopo,Autenticação já usa Better Auth; substituir provedor não resolve requisito atual.,Somente catálogo
247,Authentication & Authorization,GetOTP,https://otp.dev/en/docs/,Fora do escopo,Autenticação já usa Better Auth; substituir provedor não resolve requisito atual.,Somente catálogo
248,Authentication & Authorization,Micro User Service,https://m3o.com/user,Fora do escopo,Autenticação já usa Better Auth; substituir provedor não resolve requisito atual.,Somente catálogo
249,Authentication & Authorization,MojoAuth,https://mojoauth.com,Fora do escopo,Autenticação já usa Better Auth; substituir provedor não resolve requisito atual.,Somente catálogo
250,Authentication & Authorization,SAWO Labs,https://sawolabs.com,Fora do escopo,Autenticação já usa Better Auth; substituir provedor não resolve requisito atual.,Somente catálogo
251,Authentication & Authorization,Stytch,https://stytch.com/,Fora do escopo,Autenticação já usa Better Auth; substituir provedor não resolve requisito atual.,Somente catálogo
252,Authentication & Authorization,Warrant,https://warrant.dev/,Fora do escopo,Autenticação já usa Better Auth; substituir provedor não resolve requisito atual.,Somente catálogo
260,Blockchain,Bitquery,https://graphql.bitquery.io/ide,Fora do escopo,Blockchain não é necessária para o armazenamento privado no MySQL.,Somente catálogo
261,Blockchain,Blockscout,https://dev.blockscout.com/,Fora do escopo,Blockchain não é necessária para o armazenamento privado no MySQL.,Somente catálogo
262,Blockchain,Chainlink,https://chain.link/developer-resources,Fora do escopo,Blockchain não é necessária para o armazenamento privado no MySQL.,Somente catálogo
263,Blockchain,Chainpoint,https://tierion.com/chainpoint/,Fora do escopo,Blockchain não é necessária para o armazenamento privado no MySQL.,Somente catálogo
264,Blockchain,ClearTrace,https://cleartracedata.com/docs,Fora do escopo,Blockchain não é necessária para o armazenamento privado no MySQL.,Somente catálogo
265,Blockchain,Covalent,https://www.covalenthq.com/docs/api/,Fora do escopo,Blockchain não é necessária para o armazenamento privado no MySQL.,Somente catálogo
266,Blockchain,Etherscan,https://etherscan.io/apis,Fora do escopo,Blockchain não é necessária para o armazenamento privado no MySQL.,Somente catálogo
267,Blockchain,Get Started with Web3,https://github.com/beihaili/Get-Started-with-Web3/blob/main/docs/api.md,Fora do escopo,Blockchain não é necessária para o armazenamento privado no MySQL.,Somente catálogo
268,Blockchain,Helium,https://docs.helium.com/api/blockchain/introduction/,Fora do escopo,Blockchain não é necessária para o armazenamento privado no MySQL.,Somente catálogo
269,Blockchain,Nownodes,https://nownodes.io/,Fora do escopo,Blockchain não é necessária para o armazenamento privado no MySQL.,Somente catálogo
270,Blockchain,Steem,https://developers.steem.io/,Fora do escopo,Blockchain não é necessária para o armazenamento privado no MySQL.,Somente catálogo
271,Blockchain,TWZRD Agent Intel,https://intel.twzrd.xyz,Fora do escopo,Blockchain não é necessária para o armazenamento privado no MySQL.,Somente catálogo
272,Blockchain,The Graph,https://thegraph.com,Fora do escopo,Blockchain não é necessária para o armazenamento privado no MySQL.,Somente catálogo
273,Blockchain,Walltime,https://walltime.info/api.html,Fora do escopo,Blockchain não é necessária para o armazenamento privado no MySQL.,Somente catálogo
274,Blockchain,Watchdata,https://docs.watchdata.io,Fora do escopo,Blockchain não é necessária para o armazenamento privado no MySQL.,Somente catálogo
282,Books,A Bíblia Digital,https://www.abibliadigital.com.br/en,Fora do escopo,"Conteúdo desta categoria não atende a cadastro, contas, categorias, lançamentos ou dashboard pessoal.",Somente catálogo
283,Books,Amanah Sunnah,https://sunnah.amanahagent.cloud/developers,Fora do escopo,"Conteúdo desta categoria não atende a cadastro, contas, categorias, lançamentos ou dashboard pessoal.",Somente catálogo
284,Books,Bhagavad Gita,https://docs.bhagavadgitaapi.in,Fora do escopo,"Conteúdo desta categoria não atende a cadastro, contas, categorias, lançamentos ou dashboard pessoal.",Somente catálogo
285,Books,Bhagavad Gita,https://bhagavadgita.io/api,Fora do escopo,"Conteúdo desta categoria não atende a cadastro, contas, categorias, lançamentos ou dashboard pessoal.",Somente catálogo
286,Books,Bhagavad Gita telugu,https://gita-api.vercel.app,Fora do escopo,"Conteúdo desta categoria não atende a cadastro, contas, categorias, lançamentos ou dashboard pessoal.",Somente catálogo
287,Books,Bible-api,https://bible-api.com/,Fora do escopo,"Conteúdo desta categoria não atende a cadastro, contas, categorias, lançamentos ou dashboard pessoal.",Somente catálogo
288,Books,British National Bibliography,http://bnb.data.bl.uk/,Fora do escopo,"Conteúdo desta categoria não atende a cadastro, contas, categorias, lançamentos ou dashboard pessoal.",Somente catálogo
289,Books,Crossref Metadata Search,https://github.com/CrossRef/rest-api-doc,Fora do escopo,"Conteúdo desta categoria não atende a cadastro, contas, categorias, lançamentos ou dashboard pessoal.",Somente catálogo
290,Books,Ganjoor,https://api.ganjoor.net,Fora do escopo,"Conteúdo desta categoria não atende a cadastro, contas, categorias, lançamentos ou dashboard pessoal.",Somente catálogo
291,Books,Google Books,https://developers.google.com/books/,Fora do escopo,"Conteúdo desta categoria não atende a cadastro, contas, categorias, lançamentos ou dashboard pessoal.",Somente catálogo
292,Books,GurbaniNow,https://github.com/GurbaniNow/api,Fora do escopo,"Conteúdo desta categoria não atende a cadastro, contas, categorias, lançamentos ou dashboard pessoal.",Somente catálogo
293,Books,Gutendex,https://gutendex.com/,Fora do escopo,"Conteúdo desta categoria não atende a cadastro, contas, categorias, lançamentos ou dashboard pessoal.",Somente catálogo
294,Books,KDP Intelligence,https://kdp-intelligence-api.vercel.app/docs,Fora do escopo,"Conteúdo desta categoria não atende a cadastro, contas, categorias, lançamentos ou dashboard pessoal.",Somente catálogo
295,Books,Open Library,https://openlibrary.org/developers/api,Fora do escopo,"Conteúdo desta categoria não atende a cadastro, contas, categorias, lançamentos ou dashboard pessoal.",Somente catálogo
296,Books,Penguin Publishing,http://www.penguinrandomhouse.biz/webservices/rest/,Fora do escopo,"Conteúdo desta categoria não atende a cadastro, contas, categorias, lançamentos ou dashboard pessoal.",Somente catálogo
297,Books,PoetryDB,https://github.com/thundercomb/poetrydb#readme,Fora do escopo,"Conteúdo desta categoria não atende a cadastro, contas, categorias, lançamentos ou dashboard pessoal.",Somente catálogo
298,Books,Quran,https://quran.api-docs.io/,Fora do escopo,"Conteúdo desta categoria não atende a cadastro, contas, categorias, lançamentos ou dashboard pessoal.",Somente catálogo
299,Books,Quran Cloud,https://alquran.cloud/api,Fora do escopo,"Conteúdo desta categoria não atende a cadastro, contas, categorias, lançamentos ou dashboard pessoal.",Somente catálogo
300,Books,Quran-api,https://github.com/fawazahmed0/quran-api#readme,Fora do escopo,"Conteúdo desta categoria não atende a cadastro, contas, categorias, lançamentos ou dashboard pessoal.",Somente catálogo
301,Books,Runyankole Bible,https://runyankole-bible-api.vercel.app,Fora do escopo,"Conteúdo desta categoria não atende a cadastro, contas, categorias, lançamentos ou dashboard pessoal.",Somente catálogo
302,Books,The Bible,https://docs.api.bible,Fora do escopo,"Conteúdo desta categoria não atende a cadastro, contas, categorias, lançamentos ou dashboard pessoal.",Somente catálogo
303,Books,Thirukkural,https://api-thirukkural.web.app/,Fora do escopo,"Conteúdo desta categoria não atende a cadastro, contas, categorias, lançamentos ou dashboard pessoal.",Somente catálogo
304,Books,Urantia Papers,https://urantia.dev,Fora do escopo,"Conteúdo desta categoria não atende a cadastro, contas, categorias, lançamentos ou dashboard pessoal.",Somente catálogo
305,Books,Wizard World,https://wizard-world-api.herokuapp.com/swagger/index.html,Fora do escopo,"Conteúdo desta categoria não atende a cadastro, contas, categorias, lançamentos ou dashboard pessoal.",Somente catálogo
306,Books,Wolne Lektury,https://wolnelektury.pl/api/,Fora do escopo,"Conteúdo desta categoria não atende a cadastro, contas, categorias, lançamentos ou dashboard pessoal.",Somente catálogo
314,Business,Apache Superset,https://superset.apache.org/docs/api,Fora do escopo,Serviço empresarial ou operacional sem requisito atual; exceções avaliadas individualmente.,Somente catálogo
315,Business,Charity Search,http://charityapi.orghunter.com/,Fora do escopo,Serviço empresarial ou operacional sem requisito atual; exceções avaliadas individualmente.,Somente catálogo
316,Business,Clearbit Logo,https://clearbit.com/docs#logo-api,Não selecionar,Logotipos remotos não são necessários à identidade visual; disponibilidade não verificada.,Somente catálogo
317,Business,Domainsdb.info,https://domainsdb.info/,Fora do escopo,Serviço empresarial ou operacional sem requisito atual; exceções avaliadas individualmente.,Somente catálogo
318,Business,Freelancer,https://developers.freelancer.com,Fora do escopo,Serviço empresarial ou operacional sem requisito atual; exceções avaliadas individualmente.,Somente catálogo
319,Business,Funding Signals,https://fundingsignals.net/docs,Fora do escopo,Serviço empresarial ou operacional sem requisito atual; exceções avaliadas individualmente.,Somente catálogo
320,Business,Gmail,https://developers.google.com/gmail/api/,Não selecionar,Leitura de caixa postal adiciona acesso a conteúdo privado sem requisito atual.,Somente catálogo
321,Business,Google Analytics,https://developers.google.com/analytics/,Fora do escopo,Serviço empresarial ou operacional sem requisito atual; exceções avaliadas individualmente.,Somente catálogo
322,Business,Instatus,https://instatus.com/help/api,Fora do escopo,Serviço empresarial ou operacional sem requisito atual; exceções avaliadas individualmente.,Somente catálogo
323,Business,InvoiceIn,https://invoicein.peculiar.systems/,Fora do escopo,Serviço empresarial ou operacional sem requisito atual; exceções avaliadas individualmente.,Somente catálogo
324,Business,Invovate,https://invovate.com/api,Fora do escopo,Serviço empresarial ou operacional sem requisito atual; exceções avaliadas individualmente.,Somente catálogo
325,Business,Katalis UK Company Enrichment,https://meetkatalis.com/apis,Fora do escopo,Serviço empresarial ou operacional sem requisito atual; exceções avaliadas individualmente.,Somente catálogo
326,Business,Legal Sandbox Georgia,https://legal.ge/api/openapi.json,Fora do escopo,Serviço empresarial ou operacional sem requisito atual; exceções avaliadas individualmente.,Somente catálogo
327,Business,Mailchimp,https://mailchimp.com/developer/,Fora do escopo,Serviço empresarial ou operacional sem requisito atual; exceções avaliadas individualmente.,Somente catálogo
328,Business,mailjet,https://www.mailjet.com/,Alternativa,Alternativa de e-mail transacional; comparar cotas e branding com Mailtrap.,Documentação oficial
329,Business,markerapi,https://markerapi.com,Fora do escopo,Serviço empresarial ou operacional sem requisito atual; exceções avaliadas individualmente.,Somente catálogo
330,Business,Meirra,https://meirra.com/api,Fora do escopo,Serviço empresarial ou operacional sem requisito atual; exceções avaliadas individualmente.,Somente catálogo
331,Business,ORB Intelligence,https://api.orb-intelligence.com/docs/,Fora do escopo,Serviço empresarial ou operacional sem requisito atual; exceções avaliadas individualmente.,Somente catálogo
332,Business,Pick an Agency,https://www.pickanagency.com/developers,Fora do escopo,Serviço empresarial ou operacional sem requisito atual; exceções avaliadas individualmente.,Somente catálogo
333,Business,Redash,https://redash.io/help/user-guide/integrations-and-api/api,Fora do escopo,Serviço empresarial ou operacional sem requisito atual; exceções avaliadas individualmente.,Somente catálogo
334,Business,Signaliz,https://signaliz.docs.buildwithfern.com/signaliz-api-public-docs/introduction,Fora do escopo,Serviço empresarial ou operacional sem requisito atual; exceções avaliadas individualmente.,Somente catálogo
335,Business,Smartsheet,https://smartsheet.redoc.ly/,Fora do escopo,Serviço empresarial ou operacional sem requisito atual; exceções avaliadas individualmente.,Somente catálogo
336,Business,Square,https://developer.squareup.com/reference/square,Fora do escopo,Serviço empresarial ou operacional sem requisito atual; exceções avaliadas individualmente.,Somente catálogo
337,Business,SwiftKanban,https://www.digite.com/knowledge-base/swiftkanban/article/api-for-swift-kanban-web-services/#restapi,Fora do escopo,Serviço empresarial ou operacional sem requisito atual; exceções avaliadas individualmente.,Somente catálogo
338,Business,Tenders in Hungary,https://tenders.guru/hu/api,Fora do escopo,Serviço empresarial ou operacional sem requisito atual; exceções avaliadas individualmente.,Somente catálogo
339,Business,Tenders in Poland,https://tenders.guru/pl/api,Fora do escopo,Serviço empresarial ou operacional sem requisito atual; exceções avaliadas individualmente.,Somente catálogo
340,Business,Tenders in Romania,https://tenders.guru/ro/api,Fora do escopo,Serviço empresarial ou operacional sem requisito atual; exceções avaliadas individualmente.,Somente catálogo
341,Business,Tenders in Spain,https://tenders.guru/es/api,Fora do escopo,Serviço empresarial ou operacional sem requisito atual; exceções avaliadas individualmente.,Somente catálogo
342,Business,Tenders in Ukraine,https://tenders.guru/ua/api,Fora do escopo,Serviço empresarial ou operacional sem requisito atual; exceções avaliadas individualmente.,Somente catálogo
343,Business,TradeDataHub,https://www.tradedatahub.net,Fora do escopo,Serviço empresarial ou operacional sem requisito atual; exceções avaliadas individualmente.,Somente catálogo
344,Business,Tomba email finder,https://tomba.io/api,Fora do escopo,Serviço empresarial ou operacional sem requisito atual; exceções avaliadas individualmente.,Somente catálogo
345,Business,Trello,https://developers.trello.com/,Fora do escopo,Serviço empresarial ou operacional sem requisito atual; exceções avaliadas individualmente.,Somente catálogo
346,Business,Village,https://docs.village.ai,Fora do escopo,Serviço empresarial ou operacional sem requisito atual; exceções avaliadas individualmente.,Somente catálogo
354,Calendar,caldays,https://caldays.com/api,Fora do escopo,Agenda e vencimentos ainda não existem; candidatos de calendário tratados individualmente.,Somente catálogo
355,Calendar,Calendarific,https://calendarific.com/,Fora do escopo,Agenda e vencimentos ainda não existem; candidatos de calendário tratados individualmente.,Somente catálogo
356,Calendar,Checkiday - National Holiday,https://apilayer.com/marketplace/checkiday-api,Fora do escopo,Agenda e vencimentos ainda não existem; candidatos de calendário tratados individualmente.,Somente catálogo
357,Calendar,Church Calendar,http://calapi.inadiutorium.cz/,Fora do escopo,Agenda e vencimentos ainda não existem; candidatos de calendário tratados individualmente.,Somente catálogo
358,Calendar,Czech Namedays Calendar,https://svatky.adresa.info,Fora do escopo,Agenda e vencimentos ainda não existem; candidatos de calendário tratados individualmente.,Somente catálogo
359,Calendar,Festivo Public Holidays,https://docs.getfestivo.com/docs/products/public-holidays-api/intro,Fora do escopo,Agenda e vencimentos ainda não existem; candidatos de calendário tratados individualmente.,Somente catálogo
360,Calendar,Google Calendar,https://developers.google.com/google-apps/calendar/,Adiar,Lembretes externos dependem de agenda financeira e autorização OAuth; fora da fase atual.,Somente catálogo
361,Calendar,Hebrew Calendar,https://www.hebcal.com/home/developer-apis,Fora do escopo,Agenda e vencimentos ainda não existem; candidatos de calendário tratados individualmente.,Somente catálogo
362,Calendar,Holidays,https://holidayapi.com/,Fora do escopo,Agenda e vencimentos ainda não existem; candidatos de calendário tratados individualmente.,Somente catálogo
363,Calendar,LectServe,http://www.lectserve.com,Fora do escopo,Agenda e vencimentos ainda não existem; candidatos de calendário tratados individualmente.,Somente catálogo
364,Calendar,Nager.Date,https://date.nager.at,Alternativa,Calendário internacional futuro; confirmar cobertura e termos antes da adoção.,Consulta pública; termos pendentes
365,Calendar,Namedays Calendar,https://nameday.abalin.net,Fora do escopo,Agenda e vencimentos ainda não existem; candidatos de calendário tratados individualmente.,Somente catálogo
366,Calendar,Non-Working Days,https://github.com/gadael/icsdb,Fora do escopo,Agenda e vencimentos ainda não existem; candidatos de calendário tratados individualmente.,Somente catálogo
367,Calendar,Non-Working Days,https://isdayoff.ru,Fora do escopo,Agenda e vencimentos ainda não existem; candidatos de calendário tratados individualmente.,Somente catálogo
368,Calendar,Public Holidays,https://www.abstractapi.com/holidays-api,Fora do escopo,Agenda e vencimentos ainda não existem; candidatos de calendário tratados individualmente.,Somente catálogo
369,Calendar,Russian Calendar,https://github.com/egno/work-calendar,Fora do escopo,Agenda e vencimentos ainda não existem; candidatos de calendário tratados individualmente.,Somente catálogo
370,Calendar,The Calendar,https://the-calendar.net/api/,Fora do escopo,Agenda e vencimentos ainda não existem; candidatos de calendário tratados individualmente.,Somente catálogo
371,Calendar,UK Bank Holidays,https://www.gov.uk/bank-holidays.json,Fora do escopo,Agenda e vencimentos ainda não existem; candidatos de calendário tratados individualmente.,Somente catálogo
379,Cloud Storage & File Sharing,Box,https://developer.box.com/,Fora do escopo,Anexos e sincronização externa não existem no escopo; dados privados exigem desenho próprio.,Somente catálogo
380,Cloud Storage & File Sharing,ddownload,https://ddownload.com/api,Fora do escopo,Anexos e sincronização externa não existem no escopo; dados privados exigem desenho próprio.,Somente catálogo
381,Cloud Storage & File Sharing,Dropbox,https://www.dropbox.com/developers,Fora do escopo,Anexos e sincronização externa não existem no escopo; dados privados exigem desenho próprio.,Somente catálogo
382,Cloud Storage & File Sharing,File.io,https://www.file.io,Fora do escopo,Anexos e sincronização externa não existem no escopo; dados privados exigem desenho próprio.,Somente catálogo
383,Cloud Storage & File Sharing,Filestack,https://www.filestack.com,Fora do escopo,Anexos e sincronização externa não existem no escopo; dados privados exigem desenho próprio.,Somente catálogo
384,Cloud Storage & File Sharing,FileUp,https://github.com/RealSinaSnp/FileUp,Fora do escopo,Anexos e sincronização externa não existem no escopo; dados privados exigem desenho próprio.,Somente catálogo
385,Cloud Storage & File Sharing,GoFile,https://gofile.io/api,Fora do escopo,Anexos e sincronização externa não existem no escopo; dados privados exigem desenho próprio.,Somente catálogo
386,Cloud Storage & File Sharing,Google Drive,https://developers.google.com/drive/,Fora do escopo,Anexos e sincronização externa não existem no escopo; dados privados exigem desenho próprio.,Somente catálogo
387,Cloud Storage & File Sharing,Gyazo,https://gyazo.com/api/docs,Fora do escopo,Anexos e sincronização externa não existem no escopo; dados privados exigem desenho próprio.,Somente catálogo
388,Cloud Storage & File Sharing,Imgbb,https://api.imgbb.com/,Fora do escopo,Anexos e sincronização externa não existem no escopo; dados privados exigem desenho próprio.,Somente catálogo
389,Cloud Storage & File Sharing,OneDrive,https://developer.microsoft.com/onedrive,Fora do escopo,Anexos e sincronização externa não existem no escopo; dados privados exigem desenho próprio.,Somente catálogo
390,Cloud Storage & File Sharing,Pantry,https://getpantry.cloud/,Fora do escopo,Anexos e sincronização externa não existem no escopo; dados privados exigem desenho próprio.,Somente catálogo
391,Cloud Storage & File Sharing,Pastebin,https://pastebin.com/doc_api,Fora do escopo,Anexos e sincronização externa não existem no escopo; dados privados exigem desenho próprio.,Somente catálogo
392,Cloud Storage & File Sharing,Pinata,https://docs.pinata.cloud/,Fora do escopo,Anexos e sincronização externa não existem no escopo; dados privados exigem desenho próprio.,Somente catálogo
393,Cloud Storage & File Sharing,Quip,https://quip.com/dev/automation/documentation,Fora do escopo,Anexos e sincronização externa não existem no escopo; dados privados exigem desenho próprio.,Somente catálogo
394,Cloud Storage & File Sharing,Storj,https://docs.storj.io/dcs/,Fora do escopo,Anexos e sincronização externa não existem no escopo; dados privados exigem desenho próprio.,Somente catálogo
395,Cloud Storage & File Sharing,The Null Pointer,https://0x0.st,Fora do escopo,Anexos e sincronização externa não existem no escopo; dados privados exigem desenho próprio.,Somente catálogo
396,Cloud Storage & File Sharing,Web3 Storage,https://web3.storage/,Fora do escopo,Anexos e sincronização externa não existem no escopo; dados privados exigem desenho próprio.,Somente catálogo
404,Continuous Integration,Azure DevOps Health,https://docs.microsoft.com/en-us/rest/api/resourcehealth,Fora do escopo,O projeto já possui CI; não há necessidade de trocar ou integrar outro executor.,Somente catálogo
405,Continuous Integration,Bitrise,https://api-docs.bitrise.io/,Fora do escopo,O projeto já possui CI; não há necessidade de trocar ou integrar outro executor.,Somente catálogo
406,Continuous Integration,Buddy,https://buddy.works/docs/api/getting-started/overview,Fora do escopo,O projeto já possui CI; não há necessidade de trocar ou integrar outro executor.,Somente catálogo
407,Continuous Integration,CircleCI,https://circleci.com/docs/api/v1-reference/,Fora do escopo,O projeto já possui CI; não há necessidade de trocar ou integrar outro executor.,Somente catálogo
408,Continuous Integration,Codeship,https://docs.cloudbees.com/docs/cloudbees-codeship/latest/api-overview/,Fora do escopo,O projeto já possui CI; não há necessidade de trocar ou integrar outro executor.,Somente catálogo
409,Continuous Integration,Travis CI,https://docs.travis-ci.com/api/,Fora do escopo,O projeto já possui CI; não há necessidade de trocar ou integrar outro executor.,Somente catálogo
417,Cryptocurrency,Coinlayer,https://coinlayer.com?utm_source=Github&utm_medium=Referral&utm_campaign=Public-apis-repo-Best-sellers,Fora do escopo,Criptoativos e negociação fora do domínio atual.,Somente catálogo
418,Cryptocurrency,0x,https://0x.org/api,Fora do escopo,Criptoativos e negociação fora do domínio atual.,Somente catálogo
419,Cryptocurrency,1inch,https://1inch.io/api/,Fora do escopo,Criptoativos e negociação fora do domínio atual.,Somente catálogo
420,Cryptocurrency,Alchemy Ethereum,https://docs.alchemy.com/alchemy/,Fora do escopo,Criptoativos e negociação fora do domínio atual.,Somente catálogo
421,Cryptocurrency,Alpha (Mossland),https://alpha.moss.land/developers,Fora do escopo,Criptoativos e negociação fora do domínio atual.,Somente catálogo
422,Cryptocurrency,Binance,https://github.com/binance/binance-spot-api-docs,Fora do escopo,Criptoativos e negociação fora do domínio atual.,Somente catálogo
423,Cryptocurrency,Bitcambio,https://nova.bitcambio.com.br/api/v3/docs#a-public,Fora do escopo,Criptoativos e negociação fora do domínio atual.,Somente catálogo
424,Cryptocurrency,BitcoinAverage,https://apiv2.bitcoinaverage.com/,Fora do escopo,Criptoativos e negociação fora do domínio atual.,Somente catálogo
425,Cryptocurrency,BitcoinCharts,https://bitcoincharts.com/about/exchanges/,Fora do escopo,Criptoativos e negociação fora do domínio atual.,Somente catálogo
426,Cryptocurrency,Bitcoin Halving,https://why21million.com/halving-api/,Fora do escopo,Criptoativos e negociação fora do domínio atual.,Somente catálogo
427,Cryptocurrency,Bitfinex,https://docs.bitfinex.com/docs,Fora do escopo,Criptoativos e negociação fora do domínio atual.,Somente catálogo
428,Cryptocurrency,BitPanda,https://developers.bitpanda.com,Fora do escopo,Criptoativos e negociação fora do domínio atual.,Somente catálogo
429,Cryptocurrency,Bitmex,https://www.bitmex.com/app/apiOverview,Fora do escopo,Criptoativos e negociação fora do domínio atual.,Somente catálogo
430,Cryptocurrency,Bittrex,https://bittrex.github.io/api/v3,Fora do escopo,Criptoativos e negociação fora do domínio atual.,Somente catálogo
431,Cryptocurrency,Block,https://block.io/docs/basic,Fora do escopo,Criptoativos e negociação fora do domínio atual.,Somente catálogo
432,Cryptocurrency,BlazePhoenix,https://blazephoenix.xyz/api,Fora do escopo,Criptoativos e negociação fora do domínio atual.,Somente catálogo
433,Cryptocurrency,Block Lottos,https://blocklottos.com/openapi.json,Fora do escopo,Criptoativos e negociação fora do domínio atual.,Somente catálogo
434,Cryptocurrency,Blockchain,https://www.blockchain.com/api,Fora do escopo,Criptoativos e negociação fora do domínio atual.,Somente catálogo
435,Cryptocurrency,blockfrost Cardano,https://blockfrost.io/,Fora do escopo,Criptoativos e negociação fora do domínio atual.,Somente catálogo
436,Cryptocurrency,Brave NewCoin,https://bravenewcoin.com/developers,Fora do escopo,Criptoativos e negociação fora do domínio atual.,Somente catálogo
437,Cryptocurrency,BTCGlobe,https://btcglobe.live/join#makers,Fora do escopo,Criptoativos e negociação fora do domínio atual.,Somente catálogo
438,Cryptocurrency,btcnode.uk,https://btcnode.uk,Fora do escopo,Criptoativos e negociação fora do domínio atual.,Somente catálogo
439,Cryptocurrency,BtcTurk,https://docs.btcturk.com/,Fora do escopo,Criptoativos e negociação fora do domínio atual.,Somente catálogo
440,Cryptocurrency,Bybit,https://bybit-exchange.github.io/docs/linear/#t-introduction,Fora do escopo,Criptoativos e negociação fora do domínio atual.,Somente catálogo
441,Cryptocurrency,CoinAPI,https://docs.coinapi.io/,Fora do escopo,Criptoativos e negociação fora do domínio atual.,Somente catálogo
442,Cryptocurrency,Coinbase,https://developers.coinbase.com,Fora do escopo,Criptoativos e negociação fora do domínio atual.,Somente catálogo
443,Cryptocurrency,Coinbase Pro,https://docs.pro.coinbase.com/#api,Fora do escopo,Criptoativos e negociação fora do domínio atual.,Somente catálogo
444,Cryptocurrency,CoinCap,https://docs.coincap.io/,Fora do escopo,Criptoativos e negociação fora do domínio atual.,Somente catálogo
445,Cryptocurrency,CoinDCX,https://docs.coindcx.com/,Fora do escopo,Criptoativos e negociação fora do domínio atual.,Somente catálogo
446,Cryptocurrency,CoinDesk,https://old.coindesk.com/coindesk-api/,Fora do escopo,Criptoativos e negociação fora do domínio atual.,Somente catálogo
447,Cryptocurrency,CoinGecko,http://www.coingecko.com/api,Fora do escopo,Criptoativos e negociação fora do domínio atual.,Somente catálogo
448,Cryptocurrency,Coinigy,https://coinigy.docs.apiary.io,Fora do escopo,Criptoativos e negociação fora do domínio atual.,Somente catálogo
449,Cryptocurrency,Coinlib,https://coinlib.io/apidocs,Fora do escopo,Criptoativos e negociação fora do domínio atual.,Somente catálogo
450,Cryptocurrency,CoinLobster,https://coinlobster.com/developers,Fora do escopo,Criptoativos e negociação fora do domínio atual.,Somente catálogo
451,Cryptocurrency,Coinlore,https://www.coinlore.com/cryptocurrency-data-api,Fora do escopo,Criptoativos e negociação fora do domínio atual.,Somente catálogo
452,Cryptocurrency,CoinMarketCap,https://coinmarketcap.com/api/,Fora do escopo,Criptoativos e negociação fora do domínio atual.,Somente catálogo
453,Cryptocurrency,Coinpaprika,https://api.coinpaprika.com,Fora do escopo,Criptoativos e negociação fora do domínio atual.,Somente catálogo
454,Cryptocurrency,CoinRanking,https://developers.coinranking.com/api/documentation,Fora do escopo,Criptoativos e negociação fora do domínio atual.,Somente catálogo
455,Cryptocurrency,Coinremitter,https://coinremitter.com/docs,Fora do escopo,Criptoativos e negociação fora do domínio atual.,Somente catálogo
456,Cryptocurrency,CoinStats,https://documenter.getpostman.com/view/5734027/RzZ6Hzr3?version=latest,Fora do escopo,Criptoativos e negociação fora do domínio atual.,Somente catálogo
457,Cryptocurrency,CryptAPI,https://docs.cryptapi.io/,Fora do escopo,Criptoativos e negociação fora do domínio atual.,Somente catálogo
458,Cryptocurrency,CryptingUp,https://www.cryptingup.com/apidoc/#introduction,Fora do escopo,Criptoativos e negociação fora do domínio atual.,Somente catálogo
459,Cryptocurrency,CryptoCompare,https://www.cryptocompare.com/api#,Fora do escopo,Criptoativos e negociação fora do domínio atual.,Somente catálogo
460,Cryptocurrency,CryptoMarket,https://api.exchange.cryptomkt.com/,Fora do escopo,Criptoativos e negociação fora do domínio atual.,Somente catálogo
461,Cryptocurrency,Cryptonator,https://www.cryptonator.com/api/,Fora do escopo,Criptoativos e negociação fora do domínio atual.,Somente catálogo
462,Cryptocurrency,DefiLlama,https://defillama.com/docs/api,Fora do escopo,Criptoativos e negociação fora do domínio atual.,Somente catálogo
463,Cryptocurrency,dYdX,https://docs.dydx.exchange/,Fora do escopo,Criptoativos e negociação fora do domínio atual.,Somente catálogo
464,Cryptocurrency,Ethplorer,https://github.com/EverexIO/Ethplorer/wiki/Ethplorer-API,Fora do escopo,Criptoativos e negociação fora do domínio atual.,Somente catálogo
465,Cryptocurrency,EXMO,https://documenter.getpostman.com/view/10287440/SzYXWKPi,Fora do escopo,Criptoativos e negociação fora do domínio atual.,Somente catálogo
466,Cryptocurrency,Gateio,https://www.gate.io/api2,Fora do escopo,Criptoativos e negociação fora do domínio atual.,Somente catálogo
467,Cryptocurrency,Gemini,https://docs.gemini.com/rest-api/,Fora do escopo,Criptoativos e negociação fora do domínio atual.,Somente catálogo
468,Cryptocurrency,Hirak Exchange Rates,https://rates.hirak.site/,Fora do escopo,Criptoativos e negociação fora do domínio atual.,Somente catálogo
469,Cryptocurrency,Huobi,https://huobiapi.github.io/docs/spot/v1/en/,Fora do escopo,Criptoativos e negociação fora do domínio atual.,Somente catálogo
470,Cryptocurrency,Hyperliquid Market Data,https://rapidapi.com/theliminalguy/api/hyperliquid-market-data-oi-funding-open-interest,Fora do escopo,Criptoativos e negociação fora do domínio atual.,Somente catálogo
471,Cryptocurrency,icy.tools,https://developers.icy.tools/,Fora do escopo,Criptoativos e negociação fora do domínio atual.,Somente catálogo
472,Cryptocurrency,Indodax,https://github.com/btcid/indodax-official-api-docs,Fora do escopo,Criptoativos e negociação fora do domínio atual.,Somente catálogo
473,Cryptocurrency,INFURA Ethereum,https://infura.io/product/ethereum,Fora do escopo,Criptoativos e negociação fora do domínio atual.,Somente catálogo
474,Cryptocurrency,Kraken,https://docs.kraken.com/rest/,Fora do escopo,Criptoativos e negociação fora do domínio atual.,Somente catálogo
475,Cryptocurrency,KuCoin,https://docs.kucoin.com/,Fora do escopo,Criptoativos e negociação fora do domínio atual.,Somente catálogo
476,Cryptocurrency,Localbitcoins,https://localbitcoins.com/api-docs/,Fora do escopo,Criptoativos e negociação fora do domínio atual.,Somente catálogo
477,Cryptocurrency,Mempool,https://mempool.space/api,Fora do escopo,Criptoativos e negociação fora do domínio atual.,Somente catálogo
478,Cryptocurrency,MercadoBitcoin,https://www.mercadobitcoin.com.br/api-doc/,Fora do escopo,Criptoativos e negociação fora do domínio atual.,Somente catálogo
479,Cryptocurrency,Messari,https://messari.io/api,Fora do escopo,Criptoativos e negociação fora do domínio atual.,Somente catálogo
480,Cryptocurrency,Mexc,https://www.mexc.com/api-docs,Fora do escopo,Criptoativos e negociação fora do domínio atual.,Somente catálogo
481,Cryptocurrency,monerometrics,https://monerometrics.net,Fora do escopo,Criptoativos e negociação fora do domínio atual.,Somente catálogo
482,Cryptocurrency,Nexchange,https://nexchange2.docs.apiary.io/,Fora do escopo,Criptoativos e negociação fora do domínio atual.,Somente catálogo
483,Cryptocurrency,Nomics,https://nomics.com/docs/,Fora do escopo,Criptoativos e negociação fora do domínio atual.,Somente catálogo
484,Cryptocurrency,NovaDax,https://doc.novadax.com/en-US/#introduction,Fora do escopo,Criptoativos e negociação fora do domínio atual.,Somente catálogo
485,Cryptocurrency,OKEx,https://www.okex.com/docs/,Fora do escopo,Criptoativos e negociação fora do domínio atual.,Somente catálogo
486,Cryptocurrency,Poloniex,https://docs.poloniex.com,Fora do escopo,Criptoativos e negociação fora do domínio atual.,Somente catálogo
487,Cryptocurrency,PumpFunData,https://pumpfundata.com/docs,Fora do escopo,Criptoativos e negociação fora do domínio atual.,Somente catálogo
488,Cryptocurrency,Solana JSON RPC,https://docs.solana.com/developing/clients/jsonrpc-api,Fora do escopo,Criptoativos e negociação fora do domínio atual.,Somente catálogo
489,Cryptocurrency,Technical Analysis,https://technical-analysis-api.com,Fora do escopo,Criptoativos e negociação fora do domínio atual.,Somente catálogo
490,Cryptocurrency,VALR,https://docs.valr.com/,Fora do escopo,Criptoativos e negociação fora do domínio atual.,Somente catálogo
491,Cryptocurrency,ScriptMasterLabs x402,https://acp-x402-scriptmasterlabs.onrender.com,Fora do escopo,Criptoativos e negociação fora do domínio atual.,Somente catálogo
492,Cryptocurrency,ScriptMasterLabs MCP,https://mcp-x402.onrender.com,Fora do escopo,Criptoativos e negociação fora do domínio atual.,Somente catálogo
493,Cryptocurrency,WorldCoinIndex,https://www.worldcoinindex.com/apiservice,Fora do escopo,Criptoativos e negociação fora do domínio atual.,Somente catálogo
494,Cryptocurrency,Zennet,https://zennet.cloud,Fora do escopo,Criptoativos e negociação fora do domínio atual.,Somente catálogo
495,Cryptocurrency,ZMOK,https://zmok.io,Fora do escopo,Criptoativos e negociação fora do domínio atual.,Somente catálogo
503,Currency Exchange,Currencylayer,https://currencylayer.com?utm_source=Github&utm_medium=Referral&utm_campaign=Public-apis-repo-Best-sellers,Fora do escopo,Conversão ou tributação externa fora do escopo BRL; candidatos preferidos tratados individualmente.,Somente catálogo
504,Currency Exchange,Exchangerate.host,https://exchangerate.host?utm_source=Github&utm_medium=Referral&utm_campaign=Public-apis-repo-Best-sellers,Fora do escopo,Conversão ou tributação externa fora do escopo BRL; candidatos preferidos tratados individualmente.,Somente catálogo
505,Currency Exchange,Exchangeratesapi.io,https://exchangeratesapi.io?utm_source=Github&utm_medium=Referral&utm_campaign=Public-apis-repo-Best-sellers,Fora do escopo,Conversão ou tributação externa fora do escopo BRL; candidatos preferidos tratados individualmente.,Somente catálogo
506,Currency Exchange,Fixer,https://fixer.io?utm_source=Github&utm_medium=Referral&utm_campaign=Public-apis-repo-Best-sellers,Fora do escopo,Conversão ou tributação externa fora do escopo BRL; candidatos preferidos tratados individualmente.,Somente catálogo
507,Currency Exchange,1Forge,https://1forge.com/forex-data-api/api-documentation,Fora do escopo,Conversão ou tributação externa fora do escopo BRL; candidatos preferidos tratados individualmente.,Somente catálogo
508,Currency Exchange,Amdoren,https://www.amdoren.com/currency-api/,Fora do escopo,Conversão ou tributação externa fora do escopo BRL; candidatos preferidos tratados individualmente.,Somente catálogo
509,Currency Exchange,api-mint,https://api-mint.hoiwan.workers.dev,Fora do escopo,Conversão ou tributação externa fora do escopo BRL; candidatos preferidos tratados individualmente.,Somente catálogo
510,Currency Exchange,Bank of Russia,https://www.cbr.ru/development/SXML/,Fora do escopo,Conversão ou tributação externa fora do escopo BRL; candidatos preferidos tratados individualmente.,Somente catálogo
511,Currency Exchange,Currency-api,https://github.com/fawazahmed0/currency-api#readme,Fora do escopo,Conversão ou tributação externa fora do escopo BRL; candidatos preferidos tratados individualmente.,Somente catálogo
512,Currency Exchange,CurrencyBeacon,https://currencybeacon.com/,Fora do escopo,Conversão ou tributação externa fora do escopo BRL; candidatos preferidos tratados individualmente.,Somente catálogo
513,Currency Exchange,CurrencyFreaks,https://currencyfreaks.com/,Fora do escopo,Conversão ou tributação externa fora do escopo BRL; candidatos preferidos tratados individualmente.,Somente catálogo
514,Currency Exchange,CurrencyScoop,https://currencyscoop.com/api-documentation,Fora do escopo,Conversão ou tributação externa fora do escopo BRL; candidatos preferidos tratados individualmente.,Somente catálogo
515,Currency Exchange,Czech National Bank,https://www.cnb.cz/cs/financni_trhy/devizovy_trh/kurzy_devizoveho_trhu/denni_kurz.xml,Fora do escopo,Conversão ou tributação externa fora do escopo BRL; candidatos preferidos tratados individualmente.,Somente catálogo
516,Currency Exchange,Economia.Awesome,https://docs.awesomeapi.com.br/api-de-moedas,Alternativa,Cotações com bid/ask e cache; não intercambiar automaticamente com taxas de referência.,Documentação e consulta pública
517,Currency Exchange,ExchangeRate-API,https://www.exchangerate-api.com,Fora do escopo,Conversão ou tributação externa fora do escopo BRL; candidatos preferidos tratados individualmente.,Somente catálogo
518,Currency Exchange,Exchangerate.dev,https://exchangerate.dev/docs,Fora do escopo,Conversão ou tributação externa fora do escopo BRL; candidatos preferidos tratados individualmente.,Somente catálogo
519,Currency Exchange,Frankfurter,https://www.frankfurter.app/docs,Futuro condicionado,Primeira opção para câmbio diário se houver escopo multimoeda; hoje o produto aceita apenas BRL.,Documentação e consulta pública
520,Currency Exchange,FreeForexAPI,https://freeforexapi.com/Home/Api,Fora do escopo,Conversão ou tributação externa fora do escopo BRL; candidatos preferidos tratados individualmente.,Somente catálogo
521,Currency Exchange,National Bank of Poland,http://api.nbp.pl/en.html,Fora do escopo,Conversão ou tributação externa fora do escopo BRL; candidatos preferidos tratados individualmente.,Somente catálogo
522,Currency Exchange,paralelo.bo,https://paralelo.bo/api,Fora do escopo,Conversão ou tributação externa fora do escopo BRL; candidatos preferidos tratados individualmente.,Somente catálogo
523,Currency Exchange,TaxID,https://www.taxid.dev/docs,Fora do escopo,Conversão ou tributação externa fora do escopo BRL; candidatos preferidos tratados individualmente.,Somente catálogo
524,Currency Exchange,VATComply.com,https://www.vatcomply.com/documentation,Fora do escopo,Conversão ou tributação externa fora do escopo BRL; candidatos preferidos tratados individualmente.,Somente catálogo
532,Data Validation,VATlayer,https://vatlayer.com/?utm_source=Github&utm_medium=Referral&utm_campaign=Public-apis-repo-Best-sellers,Fora do escopo,Zod cobre entradas atuais; validação externa não atende requisito existente.,Somente catálogo
533,Data Validation,Attestwire,https://api.attestwire.com/docs,Fora do escopo,Zod cobre entradas atuais; validação externa não atende requisito existente.,Somente catálogo
534,Data Validation,Lob.com,https://lob.com/,Fora do escopo,Zod cobre entradas atuais; validação externa não atende requisito existente.,Somente catálogo
535,Data Validation,Postman Echo,https://www.postman-echo.com,Fora do escopo,Zod cobre entradas atuais; validação externa não atende requisito existente.,Somente catálogo
536,Data Validation,PurgoMalum,http://www.purgomalum.com,Fora do escopo,Zod cobre entradas atuais; validação externa não atende requisito existente.,Somente catálogo
537,Data Validation,SchemaShield,https://rapidapi.com/kaiasistentedavid/api/schema-change-risk,Fora do escopo,Zod cobre entradas atuais; validação externa não atende requisito existente.,Somente catálogo
538,Data Validation,Temsor,https://api.temsor.com/docs,Fora do escopo,Zod cobre entradas atuais; validação externa não atende requisito existente.,Somente catálogo
539,Data Validation,US Autocomplete,https://www.smarty.com/docs/cloud/us-autocomplete-pro-api,Fora do escopo,Zod cobre entradas atuais; validação externa não atende requisito existente.,Somente catálogo
540,Data Validation,US Extract,https://www.smarty.com/products/apis/us-extract-api,Fora do escopo,Zod cobre entradas atuais; validação externa não atende requisito existente.,Somente catálogo
541,Data Validation,US Street Address,https://www.smarty.com/docs/cloud/us-street-api,Fora do escopo,Zod cobre entradas atuais; validação externa não atende requisito existente.,Somente catálogo
549,Development,Userstack,https://userstack.com/?utm_source=Github&utm_medium=Referral&utm_campaign=Public-apis-repo-Best-sellers,Fora do escopo,Ferramenta auxiliar sem integração necessária ao produto atual; exceções tratadas individualmente.,Somente catálogo
550,Development,24 Pull Requests,https://24pullrequests.com/api,Fora do escopo,Ferramenta auxiliar sem integração necessária ao produto atual; exceções tratadas individualmente.,Somente catálogo
551,Development,Agify.io,https://agify.io,Fora do escopo,Ferramenta auxiliar sem integração necessária ao produto atual; exceções tratadas individualmente.,Somente catálogo
552,Development,Amazonscraperapi,https://amazonscraperapi.com,Fora do escopo,Ferramenta auxiliar sem integração necessária ao produto atual; exceções tratadas individualmente.,Somente catálogo
553,Development,AmberOne,https://scubamike124.github.io/amberone-api/,Fora do escopo,Ferramenta auxiliar sem integração necessária ao produto atual; exceções tratadas individualmente.,Somente catálogo
554,Development,API Grátis,https://apigratis.com.br/,Fora do escopo,Ferramenta auxiliar sem integração necessária ao produto atual; exceções tratadas individualmente.,Somente catálogo
555,Development,ApicAgent,https://www.apicagent.com,Fora do escopo,Ferramenta auxiliar sem integração necessária ao produto atual; exceções tratadas individualmente.,Somente catálogo
556,Development,ApiFlash,https://apiflash.com/,Fora do escopo,Ferramenta auxiliar sem integração necessária ao produto atual; exceções tratadas individualmente.,Somente catálogo
557,Development,APIs.guru,https://apis.guru/api-doc/,Fora do escopo,Ferramenta auxiliar sem integração necessária ao produto atual; exceções tratadas individualmente.,Somente catálogo
558,Development,APIzone,https://apizone.io/api-docs,Fora do escopo,Ferramenta auxiliar sem integração necessária ao produto atual; exceções tratadas individualmente.,Somente catálogo
559,Development,Aquanode,https://docs.aquanode.io/docs/api/marketplace,Fora do escopo,Ferramenta auxiliar sem integração necessária ao produto atual; exceções tratadas individualmente.,Somente catálogo
560,Development,Azure DevOps,https://docs.microsoft.com/en-us/rest/api/azure/devops,Fora do escopo,Ferramenta auxiliar sem integração necessária ao produto atual; exceções tratadas individualmente.,Somente catálogo
561,Development,Base,https://www.base-api.io/,Fora do escopo,Ferramenta auxiliar sem integração necessária ao produto atual; exceções tratadas individualmente.,Somente catálogo
562,Development,Beeceptor,https://beeceptor.com/,Fora do escopo,Ferramenta auxiliar sem integração necessária ao produto atual; exceções tratadas individualmente.,Somente catálogo
563,Development,Bitbucket,https://developer.atlassian.com/bitbucket/api/2/reference/,Fora do escopo,Ferramenta auxiliar sem integração necessária ao produto atual; exceções tratadas individualmente.,Somente catálogo
564,Development,Blague.xyz,https://blague.xyz/,Fora do escopo,Ferramenta auxiliar sem integração necessária ao produto atual; exceções tratadas individualmente.,Somente catálogo
565,Development,Blitapp,https://blitapp.com/api/,Fora do escopo,Ferramenta auxiliar sem integração necessária ao produto atual; exceções tratadas individualmente.,Somente catálogo
566,Development,Blynk-Cloud,https://blynkapi.docs.apiary.io/#,Fora do escopo,Ferramenta auxiliar sem integração necessária ao produto atual; exceções tratadas individualmente.,Somente catálogo
567,Development,Bored,https://bored-api.appbrewery.com/,Fora do escopo,Ferramenta auxiliar sem integração necessária ao produto atual; exceções tratadas individualmente.,Somente catálogo
568,Development,Brainshop.ai,https://brainshop.ai/,Fora do escopo,Ferramenta auxiliar sem integração necessária ao produto atual; exceções tratadas individualmente.,Somente catálogo
569,Development,BrewPage,https://brewpage.app,Fora do escopo,Ferramenta auxiliar sem integração necessária ao produto atual; exceções tratadas individualmente.,Somente catálogo
570,Development,Browshot,https://browshot.com/api/documentation,Fora do escopo,Ferramenta auxiliar sem integração necessária ao produto atual; exceções tratadas individualmente.,Somente catálogo
571,Development,CDNJS,https://api.cdnjs.com/libraries/jquery,Fora do escopo,Ferramenta auxiliar sem integração necessária ao produto atual; exceções tratadas individualmente.,Somente catálogo
572,Development,Changelogs.md,https://changelogs.md,Fora do escopo,Ferramenta auxiliar sem integração necessária ao produto atual; exceções tratadas individualmente.,Somente catálogo
573,Development,Ciprand,https://github.com/polarspetroll/ciprand,Fora do escopo,Ferramenta auxiliar sem integração necessária ao produto atual; exceções tratadas individualmente.,Somente catálogo
574,Development,Cloudflare,https://developers.cloudflare.com/api/,Fora do escopo,Ferramenta auxiliar sem integração necessária ao produto atual; exceções tratadas individualmente.,Somente catálogo
575,Development,Cloudflare Trace,https://github.com/fawazahmed0/cloudflare-trace-api,Fora do escopo,Ferramenta auxiliar sem integração necessária ao produto atual; exceções tratadas individualmente.,Somente catálogo
576,Development,Codex,https://github.com/Jaagrav/CodeX,Fora do escopo,Ferramenta auxiliar sem integração necessária ao produto atual; exceções tratadas individualmente.,Somente catálogo
577,Development,Contentful Images,https://www.contentful.com/developers/docs/references/images-api/,Fora do escopo,Ferramenta auxiliar sem integração necessária ao produto atual; exceções tratadas individualmente.,Somente catálogo
578,Development,CORS Proxy,https://github.com/burhanuday/cors-proxy,Fora do escopo,Ferramenta auxiliar sem integração necessária ao produto atual; exceções tratadas individualmente.,Somente catálogo
579,Development,CountAPI,https://countapi.xyz,Fora do escopo,Ferramenta auxiliar sem integração necessária ao produto atual; exceções tratadas individualmente.,Somente catálogo
580,Development,crates.io,https://crates.io/data-access,Fora do escopo,Ferramenta auxiliar sem integração necessária ao produto atual; exceções tratadas individualmente.,Somente catálogo
581,Development,Crawl Readiness,https://crawlreadiness.com,Fora do escopo,Ferramenta auxiliar sem integração necessária ao produto atual; exceções tratadas individualmente.,Somente catálogo
582,Development,Databricks,https://docs.databricks.com/dev-tools/api/latest/index.html,Fora do escopo,Ferramenta auxiliar sem integração necessária ao produto atual; exceções tratadas individualmente.,Somente catálogo
583,Development,Diagrams.so,https://diagrams.so/developers,Fora do escopo,Ferramenta auxiliar sem integração necessária ao produto atual; exceções tratadas individualmente.,Somente catálogo
584,Development,DigitalOcean Status,https://status.digitalocean.com/api,Fora do escopo,Ferramenta auxiliar sem integração necessária ao produto atual; exceções tratadas individualmente.,Somente catálogo
585,Development,DigMyName,https://digmyname.com/api,Fora do escopo,Ferramenta auxiliar sem integração necessária ao produto atual; exceções tratadas individualmente.,Somente catálogo
586,Development,Docker Hub,https://docs.docker.com/docker-hub/api/latest/,Fora do escopo,Ferramenta auxiliar sem integração necessária ao produto atual; exceções tratadas individualmente.,Somente catálogo
587,Development,DomainDb Info,https://api.domainsdb.info/,Fora do escopo,Ferramenta auxiliar sem integração necessária ao produto atual; exceções tratadas individualmente.,Somente catálogo
588,Development,dotsweep,https://dotsweep.com/docs,Fora do escopo,Ferramenta auxiliar sem integração necessária ao produto atual; exceções tratadas individualmente.,Somente catálogo
589,Development,DownStatus,https://isitdownstatus.com,Fora do escopo,Ferramenta auxiliar sem integração necessária ao produto atual; exceções tratadas individualmente.,Somente catálogo
590,Development,ExtendsClass JSON Storage,https://extendsclass.com/json-storage.html,Fora do escopo,Ferramenta auxiliar sem integração necessária ao produto atual; exceções tratadas individualmente.,Somente catálogo
591,Development,GeekFlare,https://apidocs.geekflare.com/docs/geekflare-api,Fora do escopo,Ferramenta auxiliar sem integração necessária ao produto atual; exceções tratadas individualmente.,Somente catálogo
592,Development,GcrawlAI,https://gcrawlai.com,Fora do escopo,Ferramenta auxiliar sem integração necessária ao produto atual; exceções tratadas individualmente.,Somente catálogo
593,Development,Genderize.io,https://genderize.io,Fora do escopo,Ferramenta auxiliar sem integração necessária ao produto atual; exceções tratadas individualmente.,Somente catálogo
594,Development,GETPing,https://www.getping.info,Fora do escopo,Ferramenta auxiliar sem integração necessária ao produto atual; exceções tratadas individualmente.,Somente catálogo
595,Development,Ghost,https://ghost.org/,Fora do escopo,Ferramenta auxiliar sem integração necessária ao produto atual; exceções tratadas individualmente.,Somente catálogo
596,Development,GitHub,https://docs.github.com/en/free-pro-team@latest/rest,Fora do escopo,Ferramenta auxiliar sem integração necessária ao produto atual; exceções tratadas individualmente.,Somente catálogo
597,Development,Gitlab,https://docs.gitlab.com/ee/api/,Fora do escopo,Ferramenta auxiliar sem integração necessária ao produto atual; exceções tratadas individualmente.,Somente catálogo
598,Development,Gitter,https://developer.gitter.im/docs/welcome,Fora do escopo,Ferramenta auxiliar sem integração necessária ao produto atual; exceções tratadas individualmente.,Somente catálogo
599,Development,Glitterly,https://developers.glitterly.app,Fora do escopo,Ferramenta auxiliar sem integração necessária ao produto atual; exceções tratadas individualmente.,Somente catálogo
600,Development,Google Docs,https://developers.google.com/docs/api/reference/rest,Fora do escopo,Ferramenta auxiliar sem integração necessária ao produto atual; exceções tratadas individualmente.,Somente catálogo
601,Development,Google Firebase,https://firebase.google.com/docs,Fora do escopo,Ferramenta auxiliar sem integração necessária ao produto atual; exceções tratadas individualmente.,Somente catálogo
602,Development,Google Fonts,https://developers.google.com/fonts/docs/developer_api,Fora do escopo,Ferramenta auxiliar sem integração necessária ao produto atual; exceções tratadas individualmente.,Somente catálogo
603,Development,Google Keep,https://developers.google.com/keep/api/reference/rest,Fora do escopo,Ferramenta auxiliar sem integração necessária ao produto atual; exceções tratadas individualmente.,Somente catálogo
604,Development,Google Sheets,https://developers.google.com/sheets/api/reference/rest,Adiar,Exportação ou importação futura; preferir primeiro arquivo local sem OAuth.,Somente catálogo
605,Development,Google Slides,https://developers.google.com/slides/api/reference/rest,Fora do escopo,Ferramenta auxiliar sem integração necessária ao produto atual; exceções tratadas individualmente.,Somente catálogo
606,Development,Gorest,https://gorest.co.in/,Fora do escopo,Ferramenta auxiliar sem integração necessária ao produto atual; exceções tratadas individualmente.,Somente catálogo
607,Development,Hasura,https://hasura.io/opensource/,Fora do escopo,Ferramenta auxiliar sem integração necessária ao produto atual; exceções tratadas individualmente.,Somente catálogo
608,Development,Heroku,https://devcenter.heroku.com/articles/platform-api-reference/,Fora do escopo,Ferramenta auxiliar sem integração necessária ao produto atual; exceções tratadas individualmente.,Somente catálogo
609,Development,host-t.com,https://host-t.com,Fora do escopo,Ferramenta auxiliar sem integração necessária ao produto atual; exceções tratadas individualmente.,Somente catálogo
610,Development,Host.io,https://host.io,Fora do escopo,Ferramenta auxiliar sem integração necessária ao produto atual; exceções tratadas individualmente.,Somente catálogo
611,Development,HTTP2.Pro,https://http2.pro/doc/api,Fora do escopo,Ferramenta auxiliar sem integração necessária ao produto atual; exceções tratadas individualmente.,Somente catálogo
612,Development,Httpbin,https://httpbin.org/,Fora do escopo,Ferramenta auxiliar sem integração necessária ao produto atual; exceções tratadas individualmente.,Somente catálogo
613,Development,Httpbin Cloudflare,https://cloudflare-quic.com/b/,Fora do escopo,Ferramenta auxiliar sem integração necessária ao produto atual; exceções tratadas individualmente.,Somente catálogo
614,Development,Hipsum,https://hipsum.co,Fora do escopo,Ferramenta auxiliar sem integração necessária ao produto atual; exceções tratadas individualmente.,Somente catálogo
615,Development,Hunter,https://hunter.io/api,Fora do escopo,Ferramenta auxiliar sem integração necessária ao produto atual; exceções tratadas individualmente.,Somente catálogo
616,Development,IBM Text to Speech,https://cloud.ibm.com/docs/text-to-speech/getting-started.html,Fora do escopo,Ferramenta auxiliar sem integração necessária ao produto atual; exceções tratadas individualmente.,Somente catálogo
617,Development,Icanhazepoch,https://icanhazepoch.com,Fora do escopo,Ferramenta auxiliar sem integração necessária ao produto atual; exceções tratadas individualmente.,Somente catálogo
618,Development,Icanhazip,https://major.io/icanhazip-com-faq/,Fora do escopo,Ferramenta auxiliar sem integração necessária ao produto atual; exceções tratadas individualmente.,Somente catálogo
619,Development,IFTTT,https://platform.ifttt.com/docs/connect_api,Fora do escopo,Ferramenta auxiliar sem integração necessária ao produto atual; exceções tratadas individualmente.,Somente catálogo
620,Development,Image-Charts,https://documentation.image-charts.com/,Não selecionar,Gráficos já serão renderizados pelo Recharts; evitar exportar dados privados para gerar imagens.,Somente catálogo
621,Development,import.io,http://api.docs.import.io/,Fora do escopo,Ferramenta auxiliar sem integração necessária ao produto atual; exceções tratadas individualmente.,Somente catálogo
622,Development,ip-fast.com,https://ip-fast.com/docs/,Fora do escopo,Ferramenta auxiliar sem integração necessária ao produto atual; exceções tratadas individualmente.,Somente catálogo
623,Development,IP2WHOIS Information Lookup,https://www.ip2whois.com/,Fora do escopo,Ferramenta auxiliar sem integração necessária ao produto atual; exceções tratadas individualmente.,Somente catálogo
624,Development,ipfind.io,https://ipfind.io,Fora do escopo,Ferramenta auxiliar sem integração necessária ao produto atual; exceções tratadas individualmente.,Somente catálogo
625,Development,IPify,https://www.ipify.org/,Fora do escopo,Ferramenta auxiliar sem integração necessária ao produto atual; exceções tratadas individualmente.,Somente catálogo
626,Development,IPinfo,https://ipinfo.io/developers,Fora do escopo,Ferramenta auxiliar sem integração necessária ao produto atual; exceções tratadas individualmente.,Somente catálogo
627,Development,isitdownstatus,https://isitdownstatus.com,Fora do escopo,Ferramenta auxiliar sem integração necessária ao produto atual; exceções tratadas individualmente.,Somente catálogo
628,Development,jsDelivr,https://github.com/jsdelivr/data.jsdelivr.com,Fora do escopo,Ferramenta auxiliar sem integração necessária ao produto atual; exceções tratadas individualmente.,Somente catálogo
629,Development,JSON 2 JSONP,https://json2jsonp.com/,Fora do escopo,Ferramenta auxiliar sem integração necessária ao produto atual; exceções tratadas individualmente.,Somente catálogo
630,Development,JSONbin.io,https://jsonbin.io,Fora do escopo,Ferramenta auxiliar sem integração necessária ao produto atual; exceções tratadas individualmente.,Somente catálogo
631,Development,JSONPlaceholder,https://jsonplaceholder.typicode.com,Fora do escopo,Ferramenta auxiliar sem integração necessária ao produto atual; exceções tratadas individualmente.,Somente catálogo
632,Development,Keyvalue,https://keyvalue.immanuel.co/,Fora do escopo,Ferramenta auxiliar sem integração necessária ao produto atual; exceções tratadas individualmente.,Somente catálogo
633,Development,Kroki,https://kroki.io,Fora do escopo,Ferramenta auxiliar sem integração necessária ao produto atual; exceções tratadas individualmente.,Somente catálogo
634,Development,Labelixa,https://labelixa.com/docs/api,Fora do escopo,Ferramenta auxiliar sem integração necessária ao produto atual; exceções tratadas individualmente.,Somente catálogo
635,Development,License-API,https://github.com/cmccandless/license-api/blob/master/README.md,Fora do escopo,Ferramenta auxiliar sem integração necessária ao produto atual; exceções tratadas individualmente.,Somente catálogo
636,Development,Logs.to,https://logs.to/,Fora do escopo,Ferramenta auxiliar sem integração necessária ao produto atual; exceções tratadas individualmente.,Somente catálogo
637,Development,Lua Decompiler,https://lua-decompiler.ferib.dev/,Fora do escopo,Ferramenta auxiliar sem integração necessária ao produto atual; exceções tratadas individualmente.,Somente catálogo
638,Development,MAC address vendor lookup,https://macaddress.io/api,Fora do escopo,Ferramenta auxiliar sem integração necessária ao produto atual; exceções tratadas individualmente.,Somente catálogo
639,Development,Micro DB,https://m3o.com/db,Fora do escopo,Ferramenta auxiliar sem integração necessária ao produto atual; exceções tratadas individualmente.,Somente catálogo
640,Development,Micro-SaaS AI Suite,https://microsaas-agent-api.vercel.app/openapi.json,Fora do escopo,Ferramenta auxiliar sem integração necessária ao produto atual; exceções tratadas individualmente.,Somente catálogo
641,Development,MicroENV,https://microenv.com/,Fora do escopo,Ferramenta auxiliar sem integração necessária ao produto atual; exceções tratadas individualmente.,Somente catálogo
642,Development,Mocky,https://designer.mocky.io/,Fora do escopo,Ferramenta auxiliar sem integração necessária ao produto atual; exceções tratadas individualmente.,Somente catálogo
643,Development,MY IP,https://www.myip.com/api-docs/,Fora do escopo,Ferramenta auxiliar sem integração necessária ao produto atual; exceções tratadas individualmente.,Somente catálogo
644,Development,MyIPRightNow,https://myiprightnow.com,Fora do escopo,Ferramenta auxiliar sem integração necessária ao produto atual; exceções tratadas individualmente.,Somente catálogo
645,Development,Nationalize.io,https://nationalize.io,Fora do escopo,Ferramenta auxiliar sem integração necessária ao produto atual; exceções tratadas individualmente.,Somente catálogo
646,Development,Netlify,https://docs.netlify.com/api/get-started/,Fora do escopo,Ferramenta auxiliar sem integração necessária ao produto atual; exceções tratadas individualmente.,Somente catálogo
647,Development,NetworkCalc,https://networkcalc.com/api/docs,Fora do escopo,Ferramenta auxiliar sem integração necessária ao produto atual; exceções tratadas individualmente.,Somente catálogo
648,Development,npm Registry,https://github.com/npm/registry/blob/master/docs/REGISTRY-API.md,Fora do escopo,Ferramenta auxiliar sem integração necessária ao produto atual; exceções tratadas individualmente.,Somente catálogo
649,Development,NuGet,https://learn.microsoft.com/en-us/nuget/api/overview,Fora do escopo,Ferramenta auxiliar sem integração necessária ao produto atual; exceções tratadas individualmente.,Somente catálogo
650,Development,OneSignal,https://documentation.onesignal.com/docs/onesignal-api,Adiar,Push depende de necessidade validada e permissão; não é requisito do refinamento visual.,Somente catálogo
651,Development,Open Page Rank,https://www.domcop.com/openpagerank/,Fora do escopo,Ferramenta auxiliar sem integração necessária ao produto atual; exceções tratadas individualmente.,Somente catálogo
652,Development,OpenAPIHub,https://hub.openapihub.com/,Fora do escopo,Ferramenta auxiliar sem integração necessária ao produto atual; exceções tratadas individualmente.,Somente catálogo
653,Development,OpenGraphr,https://opengraphr.com/docs/1.0/overview,Fora do escopo,Ferramenta auxiliar sem integração necessária ao produto atual; exceções tratadas individualmente.,Somente catálogo
654,Development,OpenQR,https://openqr.uk/api,Fora do escopo,Ferramenta auxiliar sem integração necessária ao produto atual; exceções tratadas individualmente.,Somente catálogo
655,Development,Orca Scan,https://orcascan.com/guides/free-barcode-image-api-0e4a4fa6,Fora do escopo,Ferramenta auxiliar sem integração necessária ao produto atual; exceções tratadas individualmente.,Somente catálogo
656,Development,OutageDeck,https://outagedeck.com/developers/api,Fora do escopo,Ferramenta auxiliar sem integração necessária ao produto atual; exceções tratadas individualmente.,Somente catálogo
657,Development,oyyi,https://oyyi.xyz/docs/1.0,Fora do escopo,Ferramenta auxiliar sem integração necessária ao produto atual; exceções tratadas individualmente.,Somente catálogo
658,Development,Packagist,https://packagist.org/apidoc,Fora do escopo,Ferramenta auxiliar sem integração necessária ao produto atual; exceções tratadas individualmente.,Somente catálogo
659,Development,PageCDN,https://pagecdn.com/docs/public-api,Fora do escopo,Ferramenta auxiliar sem integração necessária ao produto atual; exceções tratadas individualmente.,Somente catálogo
660,Development,Peak,https://peak.fo/docs,Fora do escopo,Ferramenta auxiliar sem integração necessária ao produto atual; exceções tratadas individualmente.,Somente catálogo
661,Development,Phone Specs,https://phone-specs-api-production.up.railway.app/docs,Fora do escopo,Ferramenta auxiliar sem integração necessária ao produto atual; exceções tratadas individualmente.,Somente catálogo
662,Development,Postman,https://www.postman.com/postman/workspace/postman-public-workspace/documentation/12959542-c8142d51-e97c-46b6-bd77-52bb66712c9a,Fora do escopo,Ferramenta auxiliar sem integração necessária ao produto atual; exceções tratadas individualmente.,Somente catálogo
663,Development,ProxyCrawl,https://proxycrawl.com,Fora do escopo,Ferramenta auxiliar sem integração necessária ao produto atual; exceções tratadas individualmente.,Somente catálogo
664,Development,ProxyForge,https://proxyforge.dev,Fora do escopo,Ferramenta auxiliar sem integração necessária ao produto atual; exceções tratadas individualmente.,Somente catálogo
665,Development,ProxyKingdom,https://proxykingdom.com,Fora do escopo,Ferramenta auxiliar sem integração necessária ao produto atual; exceções tratadas individualmente.,Somente catálogo
666,Development,Pusher Beams,https://pusher.com/beams,Adiar,Push depende de necessidade validada e permissão; não é requisito do refinamento visual.,Somente catálogo
667,Development,QR & Barcode,https://solsigs.com/qrapi/,Fora do escopo,Ferramenta auxiliar sem integração necessária ao produto atual; exceções tratadas individualmente.,Somente catálogo
668,Development,QR code,https://www.qrtag.net/api/,Fora do escopo,Ferramenta auxiliar sem integração necessária ao produto atual; exceções tratadas individualmente.,Somente catálogo
669,Development,QR code,http://goqr.me/api/,Fora do escopo,Ferramenta auxiliar sem integração necessária ao produto atual; exceções tratadas individualmente.,Somente catálogo
670,Development,QR Code Crafter,https://qrcodecrafter.com/qr-code-api,Fora do escopo,Ferramenta auxiliar sem integração necessária ao produto atual; exceções tratadas individualmente.,Somente catálogo
671,Development,QR Codes,https://qr-api.62-238-102-93.sslip.io/docs,Fora do escopo,Ferramenta auxiliar sem integração necessária ao produto atual; exceções tratadas individualmente.,Somente catálogo
672,Development,Qrcode Monkey,https://www.qrcode-monkey.com/qr-code-api-with-logo/,Fora do escopo,Ferramenta auxiliar sem integração necessária ao produto atual; exceções tratadas individualmente.,Somente catálogo
673,Development,QuickChart,https://quickchart.io/,Não selecionar,Gráficos já serão renderizados pelo Recharts; evitar exportar dados privados para gerar imagens.,Somente catálogo
674,Development,Random Stuff,https://api-docs.pgamerx.com/,Fora do escopo,Ferramenta auxiliar sem integração necessária ao produto atual; exceções tratadas individualmente.,Somente catálogo
675,Development,Rejax,https://rejax.io/,Fora do escopo,Ferramenta auxiliar sem integração necessária ao produto atual; exceções tratadas individualmente.,Somente catálogo
676,Development,ReqRes,https://reqres.in/,Fora do escopo,Ferramenta auxiliar sem integração necessária ao produto atual; exceções tratadas individualmente.,Somente catálogo
677,Development,RSS feed to JSON,https://rss-to-json-serverless-api.vercel.app,Fora do escopo,Ferramenta auxiliar sem integração necessária ao produto atual; exceções tratadas individualmente.,Somente catálogo
678,Development,RubyGems,https://guides.rubygems.org/rubygems-org-api/,Fora do escopo,Ferramenta auxiliar sem integração necessária ao produto atual; exceções tratadas individualmente.,Somente catálogo
679,Development,SavePage.io,https://www.savepage.io,Fora do escopo,Ferramenta auxiliar sem integração necessária ao produto atual; exceções tratadas individualmente.,Somente catálogo
680,Development,ScrapeNinja,https://scrapeninja.net,Fora do escopo,Ferramenta auxiliar sem integração necessária ao produto atual; exceções tratadas individualmente.,Somente catálogo
681,Development,ScraperApi,https://www.scraperapi.com,Fora do escopo,Ferramenta auxiliar sem integração necessária ao produto atual; exceções tratadas individualmente.,Somente catálogo
682,Development,scraperBox,https://scraperbox.com/,Fora do escopo,Ferramenta auxiliar sem integração necessária ao produto atual; exceções tratadas individualmente.,Somente catálogo
683,Development,scrapestack,https://scrapestack.com/,Fora do escopo,Ferramenta auxiliar sem integração necessária ao produto atual; exceções tratadas individualmente.,Somente catálogo
684,Development,ScrapingAnt,https://scrapingant.com,Fora do escopo,Ferramenta auxiliar sem integração necessária ao produto atual; exceções tratadas individualmente.,Somente catálogo
685,Development,ScrapingDog,https://www.scrapingdog.com/,Fora do escopo,Ferramenta auxiliar sem integração necessária ao produto atual; exceções tratadas individualmente.,Somente catálogo
686,Development,Scrax,https://rapidapi.com/mtaahoperators/api/scrax,Fora do escopo,Ferramenta auxiliar sem integração necessária ao produto atual; exceções tratadas individualmente.,Somente catálogo
687,Development,Screenshot,https://www.abstractapi.com/website-screenshot-api,Fora do escopo,Ferramenta auxiliar sem integração necessária ao produto atual; exceções tratadas individualmente.,Somente catálogo
688,Development,ScreenshotAPI.net,https://screenshotapi.net/,Fora do escopo,Ferramenta auxiliar sem integração necessária ao produto atual; exceções tratadas individualmente.,Somente catálogo
689,Development,Serialif Color,https://color.serialif.com/,Fora do escopo,Ferramenta auxiliar sem integração necessária ao produto atual; exceções tratadas individualmente.,Somente catálogo
690,Development,serpstack,https://serpstack.com/,Fora do escopo,Ferramenta auxiliar sem integração necessária ao produto atual; exceções tratadas individualmente.,Somente catálogo
691,Development,Sheetsu,https://sheetsu.com/,Fora do escopo,Ferramenta auxiliar sem integração necessária ao produto atual; exceções tratadas individualmente.,Somente catálogo
692,Development,Shotanvil,https://shotanvil.com,Fora do escopo,Ferramenta auxiliar sem integração necessária ao produto atual; exceções tratadas individualmente.,Somente catálogo
693,Development,SHOUTCLOUD,http://shoutcloud.io/,Fora do escopo,Ferramenta auxiliar sem integração necessária ao produto atual; exceções tratadas individualmente.,Somente catálogo
694,Development,SiteIntel,https://siteintel.duckdns.org,Fora do escopo,Ferramenta auxiliar sem integração necessária ao produto atual; exceções tratadas individualmente.,Somente catálogo
695,Development,Sonar,https://github.com/Cgboal/SonarSearch,Fora do escopo,Ferramenta auxiliar sem integração necessária ao produto atual; exceções tratadas individualmente.,Somente catálogo
696,Development,SonarQube,https://sonarcloud.io/web_api,Fora do escopo,Ferramenta auxiliar sem integração necessária ao produto atual; exceções tratadas individualmente.,Somente catálogo
697,Development,StackExchange,https://api.stackexchange.com/,Fora do escopo,Ferramenta auxiliar sem integração necessária ao produto atual; exceções tratadas individualmente.,Somente catálogo
698,Development,Statically,https://statically.io/,Fora do escopo,Ferramenta auxiliar sem integração necessária ao produto atual; exceções tratadas individualmente.,Somente catálogo
699,Development,Supportivekoala,https://developers.supportivekoala.com/,Fora do escopo,Ferramenta auxiliar sem integração necessária ao produto atual; exceções tratadas individualmente.,Somente catálogo
700,Development,Suprsonic,https://suprsonic.ai,Fora do escopo,Ferramenta auxiliar sem integração necessária ao produto atual; exceções tratadas individualmente.,Somente catálogo
701,Development,Talordata,https://docs.talordata.com/,Fora do escopo,Ferramenta auxiliar sem integração necessária ao produto atual; exceções tratadas individualmente.,Somente catálogo
702,Development,Thunder Client,https://www.thunderclient.com/,Fora do escopo,Ferramenta auxiliar sem integração necessária ao produto atual; exceções tratadas individualmente.,Somente catálogo
703,Development,Thunderbit,https://thunderbit.com/docs/introduction,Fora do escopo,Ferramenta auxiliar sem integração necessária ao produto atual; exceções tratadas individualmente.,Somente catálogo
704,Development,TinyMind Agent Tools,https://tinymind.eu/api/,Fora do escopo,Ferramenta auxiliar sem integração necessária ao produto atual; exceções tratadas individualmente.,Somente catálogo
705,Development,Tyk,https://tyk.io/open-source/,Fora do escopo,Ferramenta auxiliar sem integração necessária ao produto atual; exceções tratadas individualmente.,Somente catálogo
706,Development,Utilorax,https://utilorax.com/api,Fora do escopo,Ferramenta auxiliar sem integração necessária ao produto atual; exceções tratadas individualmente.,Somente catálogo
707,Development,Wandbox,https://github.com/melpon/wandbox/blob/master/kennel2/API.rst,Fora do escopo,Ferramenta auxiliar sem integração necessária ao produto atual; exceções tratadas individualmente.,Somente catálogo
708,Development,Web Metadata & Contact Extractor,https://rapidapi.com/josejuanjocoding/api/web-metadata-and-contact-extractor,Fora do escopo,Ferramenta auxiliar sem integração necessária ao produto atual; exceções tratadas individualmente.,Somente catálogo
709,Development,Webclaw,https://webclaw.io/docs/api,Fora do escopo,Ferramenta auxiliar sem integração necessária ao produto atual; exceções tratadas individualmente.,Somente catálogo
710,Development,WebScraping.AI,https://webscraping.ai/,Fora do escopo,Ferramenta auxiliar sem integração necessária ao produto atual; exceções tratadas individualmente.,Somente catálogo
711,Development,ZenRows,https://www.zenrows.com/,Fora do escopo,Ferramenta auxiliar sem integração necessária ao produto atual; exceções tratadas individualmente.,Somente catálogo
721,Dictionaries,Chinese Character Web,http://ccdb.hemiola.com/,Fora do escopo,"Conteúdo desta categoria não atende a cadastro, contas, categorias, lançamentos ou dashboard pessoal.",Somente catálogo
722,Dictionaries,Chinese Text Project,https://ctext.org/tools/api,Fora do escopo,"Conteúdo desta categoria não atende a cadastro, contas, categorias, lançamentos ou dashboard pessoal.",Somente catálogo
723,Dictionaries,Collins,https://api.collinsdictionary.com/api/v1/documentation/html/,Fora do escopo,"Conteúdo desta categoria não atende a cadastro, contas, categorias, lançamentos ou dashboard pessoal.",Somente catálogo
724,Dictionaries,Free Dictionary,https://dictionaryapi.dev/,Fora do escopo,"Conteúdo desta categoria não atende a cadastro, contas, categorias, lançamentos ou dashboard pessoal.",Somente catálogo
725,Dictionaries,Indonesia Dictionary,https://new-kbbi-api.herokuapp.com/,Fora do escopo,"Conteúdo desta categoria não atende a cadastro, contas, categorias, lançamentos ou dashboard pessoal.",Somente catálogo
726,Dictionaries,Lingua Robot,https://www.linguarobot.io,Fora do escopo,"Conteúdo desta categoria não atende a cadastro, contas, categorias, lançamentos ou dashboard pessoal.",Somente catálogo
727,Dictionaries,Merriam-Webster,https://dictionaryapi.com/,Fora do escopo,"Conteúdo desta categoria não atende a cadastro, contas, categorias, lançamentos ou dashboard pessoal.",Somente catálogo
728,Dictionaries,OwlBot,https://owlbot.info/,Fora do escopo,"Conteúdo desta categoria não atende a cadastro, contas, categorias, lançamentos ou dashboard pessoal.",Somente catálogo
729,Dictionaries,Oxford,https://developer.oxforddictionaries.com/,Fora do escopo,"Conteúdo desta categoria não atende a cadastro, contas, categorias, lançamentos ou dashboard pessoal.",Somente catálogo
730,Dictionaries,Synonyms,https://www.synonyms.com/synonyms_api.php,Fora do escopo,"Conteúdo desta categoria não atende a cadastro, contas, categorias, lançamentos ou dashboard pessoal.",Somente catálogo
731,Dictionaries,Wiktionary,https://en.wiktionary.org/w/api.php,Fora do escopo,"Conteúdo desta categoria não atende a cadastro, contas, categorias, lançamentos ou dashboard pessoal.",Somente catálogo
732,Dictionaries,Wordnik,https://developer.wordnik.com,Fora do escopo,"Conteúdo desta categoria não atende a cadastro, contas, categorias, lançamentos ou dashboard pessoal.",Somente catálogo
733,Dictionaries,Words,https://www.wordsapi.com/docs/,Fora do escopo,"Conteúdo desta categoria não atende a cadastro, contas, categorias, lançamentos ou dashboard pessoal.",Somente catálogo
741,Documents & Productivity,Airtable,https://airtable.com/api,Fora do escopo,Documentos e produtividade externa não são requisitos atuais; priorizar exportação local futura.,Somente catálogo
742,Documents & Productivity,Api2Convert,https://www.api2convert.com/,Fora do escopo,Documentos e produtividade externa não são requisitos atuais; priorizar exportação local futura.,Somente catálogo
743,Documents & Productivity,apilayer pdflayer,https://pdflayer.com,Fora do escopo,Documentos e produtividade externa não são requisitos atuais; priorizar exportação local futura.,Somente catálogo
744,Documents & Productivity,Asana,https://developers.asana.com/docs,Fora do escopo,Documentos e produtividade externa não são requisitos atuais; priorizar exportação local futura.,Somente catálogo
745,Documents & Productivity,BuildPDF,https://buildpdf.co/api/docs,Fora do escopo,Documentos e produtividade externa não são requisitos atuais; priorizar exportação local futura.,Somente catálogo
746,Documents & Productivity,ClickUp,https://clickup.com/api,Fora do escopo,Documentos e produtividade externa não são requisitos atuais; priorizar exportação local futura.,Somente catálogo
747,Documents & Productivity,Clockify,https://clockify.me/developers-api,Fora do escopo,Documentos e produtividade externa não são requisitos atuais; priorizar exportação local futura.,Somente catálogo
748,Documents & Productivity,CloudConvert,https://cloudconvert.com/api/v2,Fora do escopo,Documentos e produtividade externa não são requisitos atuais; priorizar exportação local futura.,Somente catálogo
749,Documents & Productivity,Cloudmersive Document and Data Conversion,https://cloudmersive.com/convert-api,Fora do escopo,Documentos e produtividade externa não são requisitos atuais; priorizar exportação local futura.,Somente catálogo
750,Documents & Productivity,Code::Stats,https://codestats.net/api-docs,Fora do escopo,Documentos e produtividade externa não são requisitos atuais; priorizar exportação local futura.,Somente catálogo
751,Documents & Productivity,CraftMyPDF,https://craftmypdf.com,Fora do escopo,Documentos e produtividade externa não são requisitos atuais; priorizar exportação local futura.,Somente catálogo
752,Documents & Productivity,DocStruct,https://docstruct.pages.dev,Fora do escopo,Documentos e produtividade externa não são requisitos atuais; priorizar exportação local futura.,Somente catálogo
753,Documents & Productivity,Flowdash,https://docs.flowdash.com/docs/api-introduction,Fora do escopo,Documentos e produtividade externa não são requisitos atuais; priorizar exportação local futura.,Somente catálogo
754,Documents & Productivity,Html2PDF,https://html2pdf.app/,Fora do escopo,Documentos e produtividade externa não são requisitos atuais; priorizar exportação local futura.,Somente catálogo
755,Documents & Productivity,iLovePDF,https://developer.ilovepdf.com/,Fora do escopo,Documentos e produtividade externa não são requisitos atuais; priorizar exportação local futura.,Somente catálogo
756,Documents & Productivity,JIRA,https://developer.atlassian.com/server/jira/platform/rest-apis/,Fora do escopo,Documentos e produtividade externa não são requisitos atuais; priorizar exportação local futura.,Somente catálogo
757,Documents & Productivity,Mattermost,https://api.mattermost.com/,Fora do escopo,Documentos e produtividade externa não são requisitos atuais; priorizar exportação local futura.,Somente catálogo
758,Documents & Productivity,Mercury,https://mercury.postlight.com/web-parser/,Fora do escopo,Documentos e produtividade externa não são requisitos atuais; priorizar exportação local futura.,Somente catálogo
759,Documents & Productivity,Monday,https://api.developer.monday.com/docs,Fora do escopo,Documentos e produtividade externa não são requisitos atuais; priorizar exportação local futura.,Somente catálogo
760,Documents & Productivity,Notion,https://developers.notion.com/docs/getting-started,Fora do escopo,Documentos e produtividade externa não são requisitos atuais; priorizar exportação local futura.,Somente catálogo
761,Documents & Productivity,OCR.Space,https://ocr.space/ocrapi,Adiar,"Extração de comprovantes exige upload externo, revisão humana e análise de privacidade.",Documentação oficial
762,Documents & Productivity,PandaDoc,https://developers.pandadoc.com,Fora do escopo,Documentos e produtividade externa não são requisitos atuais; priorizar exportação local futura.,Somente catálogo
763,Documents & Productivity,PDFFleet,https://pdffleet.com,Fora do escopo,Documentos e produtividade externa não são requisitos atuais; priorizar exportação local futura.,Somente catálogo
764,Documents & Productivity,Pocket,https://getpocket.com/developer/,Fora do escopo,Documentos e produtividade externa não são requisitos atuais; priorizar exportação local futura.,Somente catálogo
765,Documents & Productivity,Podio,https://developers.podio.com,Fora do escopo,Documentos e produtividade externa não são requisitos atuais; priorizar exportação local futura.,Somente catálogo
766,Documents & Productivity,PolyDoc,https://polydoc.tech,Fora do escopo,Documentos e produtividade externa não são requisitos atuais; priorizar exportação local futura.,Somente catálogo
767,Documents & Productivity,PrexView,https://prexview.com,Fora do escopo,Documentos e produtividade externa não são requisitos atuais; priorizar exportação local futura.,Somente catálogo
768,Documents & Productivity,PrintSocket,https://www.printsocket.com/docs,Fora do escopo,Documentos e produtividade externa não são requisitos atuais; priorizar exportação local futura.,Somente catálogo
769,Documents & Productivity,Renderly,https://renderlyapi.com,Fora do escopo,Documentos e produtividade externa não são requisitos atuais; priorizar exportação local futura.,Somente catálogo
770,Documents & Productivity,Rendex,https://rendex.dev,Fora do escopo,Documentos e produtividade externa não são requisitos atuais; priorizar exportação local futura.,Somente catálogo
771,Documents & Productivity,Restpack,https://restpack.io/,Fora do escopo,Documentos e produtividade externa não são requisitos atuais; priorizar exportação local futura.,Somente catálogo
772,Documents & Productivity,RunConvert,https://www.runconvert.com/docs,Fora do escopo,Documentos e produtividade externa não são requisitos atuais; priorizar exportação local futura.,Somente catálogo
773,Documents & Productivity,Todoist,https://developer.todoist.com,Fora do escopo,Documentos e produtividade externa não são requisitos atuais; priorizar exportação local futura.,Somente catálogo
774,Documents & Productivity,Smart Image Enhancement,https://apilayer.com/marketplace/image_enhancement-api,Fora do escopo,Documentos e produtividade externa não são requisitos atuais; priorizar exportação local futura.,Somente catálogo
775,Documents & Productivity,staffSign,https://staffsign.de/docs,Fora do escopo,Documentos e produtividade externa não são requisitos atuais; priorizar exportação local futura.,Somente catálogo
776,Documents & Productivity,Vector Express v2.0,https://vector.express,Fora do escopo,Documentos e produtividade externa não são requisitos atuais; priorizar exportação local futura.,Somente catálogo
777,Documents & Productivity,WakaTime,https://wakatime.com/developers,Fora do escopo,Documentos e produtividade externa não são requisitos atuais; priorizar exportação local futura.,Somente catálogo
778,Documents & Productivity,Zube,https://zube.io/docs/api,Fora do escopo,Documentos e produtividade externa não são requisitos atuais; priorizar exportação local futura.,Somente catálogo
779,Documents & Productivity,Zero Retention PDF,https://xeropdf.com,Fora do escopo,Documentos e produtividade externa não são requisitos atuais; priorizar exportação local futura.,Somente catálogo
787,Email,mailboxlayer,https://mailboxlayer.com?utm_source=Github&utm_medium=Referral&utm_campaign=Public-apis-repo-Best-sellers,Fora do escopo,Não selecionar por enquanto; envio transacional tem candidatos específicos e validação externa não substitui verificação.,Somente catálogo
788,Email,AGPC Domain Check,https://guild.tradeuniquecapital.com/api,Fora do escopo,Não selecionar por enquanto; envio transacional tem candidatos específicos e validação externa não substitui verificação.,Somente catálogo
789,Email,Atomic Mail,https://atomic-mail.github.io/atomic-mail-agentic/,Fora do escopo,Não selecionar por enquanto; envio transacional tem candidatos específicos e validação externa não substitui verificação.,Somente catálogo
790,Email,Cloudmersive Validate,https://cloudmersive.com/validate-api,Fora do escopo,Não selecionar por enquanto; envio transacional tem candidatos específicos e validação externa não substitui verificação.,Somente catálogo
791,Email,Disify,https://www.disify.com/,Fora do escopo,Não selecionar por enquanto; envio transacional tem candidatos específicos e validação externa não substitui verificação.,Somente catálogo
792,Email,DropMail,https://dropmail.me/api/#live-demo,Fora do escopo,Não selecionar por enquanto; envio transacional tem candidatos específicos e validação externa não substitui verificação.,Somente catálogo
793,Email,EmailJS,https://www.emailjs.com/docs/,Fora do escopo,Não selecionar por enquanto; envio transacional tem candidatos específicos e validação externa não substitui verificação.,Somente catálogo
794,Email,Email Validation,https://www.abstractapi.com/email-verification-validation-api,Fora do escopo,Não selecionar por enquanto; envio transacional tem candidatos específicos e validação externa não substitui verificação.,Somente catálogo
795,Email,EVA,https://eva.pingutil.com/,Fora do escopo,Não selecionar por enquanto; envio transacional tem candidatos específicos e validação externa não substitui verificação.,Somente catálogo
796,Email,Guerrilla Mail,https://www.guerrillamail.com/GuerrillaMailAPI.html,Fora do escopo,Não selecionar por enquanto; envio transacional tem candidatos específicos e validação externa não substitui verificação.,Somente catálogo
797,Email,ImprovMX,https://improvmx.com/api,Fora do escopo,Não selecionar por enquanto; envio transacional tem candidatos específicos e validação externa não substitui verificação.,Somente catálogo
798,Email,Kickbox,https://open.kickbox.com/,Fora do escopo,Não selecionar por enquanto; envio transacional tem candidatos específicos e validação externa não substitui verificação.,Somente catálogo
799,Email,Kiprio Email Validate,https://kiprio.com/v1/email-validate,Fora do escopo,Não selecionar por enquanto; envio transacional tem candidatos específicos e validação externa não substitui verificação.,Somente catálogo
800,Email,mail.gw,https://docs.mail.gw,Fora do escopo,Não selecionar por enquanto; envio transacional tem candidatos específicos e validação externa não substitui verificação.,Somente catálogo
801,Email,mail.tm,https://docs.mail.tm,Fora do escopo,Não selecionar por enquanto; envio transacional tem candidatos específicos e validação externa não substitui verificação.,Somente catálogo
802,Email,MailboxValidator,https://www.mailboxvalidator.com/api-email-free,Fora do escopo,Não selecionar por enquanto; envio transacional tem candidatos específicos e validação externa não substitui verificação.,Somente catálogo
803,Email,MailCheck.ai,https://www.mailcheck.ai/#documentation,Fora do escopo,Não selecionar por enquanto; envio transacional tem candidatos específicos e validação externa não substitui verificação.,Somente catálogo
804,Email,Mailtrap,https://mailtrap.io,Prioridade próxima fase,Primeira opção para e-mail transacional de recuperação e verificação; exige domínio e credencial.,Documentação oficial
805,Email,PostStack,https://poststack.dev/docs,Fora do escopo,Não selecionar por enquanto; envio transacional tem candidatos específicos e validação externa não substitui verificação.,Somente catálogo
806,Email,Sendgrid,https://docs.sendgrid.com/api-reference/,Não selecionar,Plano gratuito permanente encerrado; trial não atende ao critério de gratuidade contínua.,Documentação oficial
807,Email,Sendinblue,https://developers.sendinblue.com/docs,Alternativa,Hoje Brevo; alternativa de e-mail com limite diário e marca do fornecedor.,Documentação oficial
808,Email,SMTPfast,https://smtpfa.st/docs,Fora do escopo,Não selecionar por enquanto; envio transacional tem candidatos específicos e validação externa não substitui verificação.,Somente catálogo
809,Email,uchecker,https://api.uchecker.net/docs,Fora do escopo,Não selecionar por enquanto; envio transacional tem candidatos específicos e validação externa não substitui verificação.,Somente catálogo
810,Email,Verifier,https://verifier.meetchopra.com/docs#/,Fora do escopo,Não selecionar por enquanto; envio transacional tem candidatos específicos e validação externa não substitui verificação.,Somente catálogo
818,Entertainment,Anycrap,https://anycrap.shop/developers,Fora do escopo,"Conteúdo desta categoria não atende a cadastro, contas, categorias, lançamentos ou dashboard pessoal.",Somente catálogo
819,Entertainment,Bucketlist Dream of the Day,https://bucketlist.nl/samenwerken?lang=en#droom-van-de-dag,Fora do escopo,"Conteúdo desta categoria não atende a cadastro, contas, categorias, lançamentos ou dashboard pessoal.",Somente catálogo
820,Entertainment,chucknorris.io,https://api.chucknorris.io,Fora do escopo,"Conteúdo desta categoria não atende a cadastro, contas, categorias, lançamentos ou dashboard pessoal.",Somente catálogo
821,Entertainment,Corporate Buzz Words,https://github.com/sameerkumar18/corporate-bs-generator-api,Fora do escopo,"Conteúdo desta categoria não atende a cadastro, contas, categorias, lançamentos ou dashboard pessoal.",Somente catálogo
822,Entertainment,CosmyDay Astrology,https://cosmyday.com/api-docs,Fora do escopo,"Conteúdo desta categoria não atende a cadastro, contas, categorias, lançamentos ou dashboard pessoal.",Somente catálogo
823,Entertainment,Excuser,https://excuser.herokuapp.com/,Fora do escopo,"Conteúdo desta categoria não atende a cadastro, contas, categorias, lançamentos ou dashboard pessoal.",Somente catálogo
824,Entertainment,Fun Fact,https://api.aakhilv.me,Fora do escopo,"Conteúdo desta categoria não atende a cadastro, contas, categorias, lançamentos ou dashboard pessoal.",Somente catálogo
825,Entertainment,Imgflip,https://imgflip.com/api,Fora do escopo,"Conteúdo desta categoria não atende a cadastro, contas, categorias, lançamentos ou dashboard pessoal.",Somente catálogo
826,Entertainment,JokeAPI,https://v2.jokeapi.dev/,Fora do escopo,"Conteúdo desta categoria não atende a cadastro, contas, categorias, lançamentos ou dashboard pessoal.",Somente catálogo
827,Entertainment,justmeme.wtf,https://justmeme.wtf/api-docs,Fora do escopo,"Conteúdo desta categoria não atende a cadastro, contas, categorias, lançamentos ou dashboard pessoal.",Somente catálogo
828,Entertainment,Meme Maker,https://mememaker.github.io/API/,Fora do escopo,"Conteúdo desta categoria não atende a cadastro, contas, categorias, lançamentos ou dashboard pessoal.",Somente catálogo
829,Entertainment,Memesio,https://memesio.com/developers/api,Fora do escopo,"Conteúdo desta categoria não atende a cadastro, contas, categorias, lançamentos ou dashboard pessoal.",Somente catálogo
830,Entertainment,NaMoMemes,https://github.com/theIYD/NaMoMemes,Fora do escopo,"Conteúdo desta categoria não atende a cadastro, contas, categorias, lançamentos ou dashboard pessoal.",Somente catálogo
831,Entertainment,PotterDB,https://docs.potterdb.com/,Fora do escopo,"Conteúdo desta categoria não atende a cadastro, contas, categorias, lançamentos ou dashboard pessoal.",Somente catálogo
832,Entertainment,Random Useless Facts,https://uselessfacts.jsph.pl/,Fora do escopo,"Conteúdo desta categoria não atende a cadastro, contas, categorias, lançamentos ou dashboard pessoal.",Somente catálogo
833,Entertainment,TasteDive,https://tastedive.com/read/api,Fora do escopo,"Conteúdo desta categoria não atende a cadastro, contas, categorias, lançamentos ou dashboard pessoal.",Somente catálogo
834,Entertainment,Techy,https://techy-api.vercel.app/,Fora do escopo,"Conteúdo desta categoria não atende a cadastro, contas, categorias, lançamentos ou dashboard pessoal.",Somente catálogo
835,Entertainment,Yo Momma Jokes,https://github.com/beanboi7/yomomma-apiv2,Fora do escopo,"Conteúdo desta categoria não atende a cadastro, contas, categorias, lançamentos ou dashboard pessoal.",Somente catálogo
843,Environment,BreezoMeter Pollen,https://docs.breezometer.com/api-documentation/pollen-api/v2/,Fora do escopo,"Conteúdo desta categoria não atende a cadastro, contas, categorias, lançamentos ou dashboard pessoal.",Somente catálogo
844,Environment,Carbon Interface,https://docs.carboninterface.com/,Fora do escopo,"Conteúdo desta categoria não atende a cadastro, contas, categorias, lançamentos ou dashboard pessoal.",Somente catálogo
845,Environment,Climatiq,https://docs.climatiq.io,Fora do escopo,"Conteúdo desta categoria não atende a cadastro, contas, categorias, lançamentos ou dashboard pessoal.",Somente catálogo
846,Environment,Cloverly,https://www.cloverly.com/carbon-offset-documentation,Fora do escopo,"Conteúdo desta categoria não atende a cadastro, contas, categorias, lançamentos ou dashboard pessoal.",Somente catálogo
847,Environment,CO2 Offset,https://co2offset.io/api.html,Fora do escopo,"Conteúdo desta categoria não atende a cadastro, contas, categorias, lançamentos ou dashboard pessoal.",Somente catálogo
848,Environment,Danish data service Energi,https://www.energidataservice.dk/,Fora do escopo,"Conteúdo desta categoria não atende a cadastro, contas, categorias, lançamentos ou dashboard pessoal.",Somente catálogo
849,Environment,gridcarbon,https://gridcarbon.dev,Fora do escopo,"Conteúdo desta categoria não atende a cadastro, contas, categorias, lançamentos ou dashboard pessoal.",Somente catálogo
850,Environment,GrünstromIndex,https://gruenstromindex.de/,Fora do escopo,"Conteúdo desta categoria não atende a cadastro, contas, categorias, lançamentos ou dashboard pessoal.",Somente catálogo
851,Environment,IQAir,https://www.iqair.com/air-pollution-data-api,Fora do escopo,"Conteúdo desta categoria não atende a cadastro, contas, categorias, lançamentos ou dashboard pessoal.",Somente catálogo
852,Environment,kanari,https://kanari.io/en/api,Fora do escopo,"Conteúdo desta categoria não atende a cadastro, contas, categorias, lançamentos ou dashboard pessoal.",Somente catálogo
853,Environment,Luchtmeetnet,https://api-docs.luchtmeetnet.nl/,Fora do escopo,"Conteúdo desta categoria não atende a cadastro, contas, categorias, lançamentos ou dashboard pessoal.",Somente catálogo
854,Environment,National Grid ESO,https://data.nationalgrideso.com/,Fora do escopo,"Conteúdo desta categoria não atende a cadastro, contas, categorias, lançamentos ou dashboard pessoal.",Somente catálogo
855,Environment,OpenAQ,https://docs.openaq.org/,Fora do escopo,"Conteúdo desta categoria não atende a cadastro, contas, categorias, lançamentos ou dashboard pessoal.",Somente catálogo
856,Environment,Open-Meteo,https://open-meteo.com/,Fora do escopo,"Conteúdo desta categoria não atende a cadastro, contas, categorias, lançamentos ou dashboard pessoal.",Somente catálogo
857,Environment,PM2.5 Open Data Portal,https://pm25.lass-net.org/#apis,Fora do escopo,"Conteúdo desta categoria não atende a cadastro, contas, categorias, lançamentos ou dashboard pessoal.",Somente catálogo
858,Environment,PM25.in,http://www.pm25.in/api_doc,Fora do escopo,"Conteúdo desta categoria não atende a cadastro, contas, categorias, lançamentos ou dashboard pessoal.",Somente catálogo
859,Environment,PVWatts,https://developer.nrel.gov/docs/solar/pvwatts/v6/,Fora do escopo,"Conteúdo desta categoria não atende a cadastro, contas, categorias, lançamentos ou dashboard pessoal.",Somente catálogo
860,Environment,Solematica,https://www.solematica.it/sviluppatori,Fora do escopo,"Conteúdo desta categoria não atende a cadastro, contas, categorias, lançamentos ou dashboard pessoal.",Somente catálogo
861,Environment,Srp Energy,https://srpenergy-api-client-python.readthedocs.io/en/latest/api.html,Fora do escopo,"Conteúdo desta categoria não atende a cadastro, contas, categorias, lançamentos ou dashboard pessoal.",Somente catálogo
862,Environment,SustainMetrics,https://www.sustainmetrics.net/api,Fora do escopo,"Conteúdo desta categoria não atende a cadastro, contas, categorias, lançamentos ou dashboard pessoal.",Somente catálogo
863,Environment,UK Carbon Intensity,https://carbon-intensity.github.io/api-definitions/#carbon-intensity-api-v1-0-0,Fora do escopo,"Conteúdo desta categoria não atende a cadastro, contas, categorias, lançamentos ou dashboard pessoal.",Somente catálogo
864,Environment,WattFigure,https://api.wattfigure.com/,Fora do escopo,"Conteúdo desta categoria não atende a cadastro, contas, categorias, lançamentos ou dashboard pessoal.",Somente catálogo
865,Environment,Website Carbon,https://api.websitecarbon.com/,Fora do escopo,"Conteúdo desta categoria não atende a cadastro, contas, categorias, lançamentos ou dashboard pessoal.",Somente catálogo
873,Events,Eventbrite,https://www.eventbrite.com/platform/api/,Fora do escopo,"Conteúdo desta categoria não atende a cadastro, contas, categorias, lançamentos ou dashboard pessoal.",Somente catálogo
874,Events,SeatGeek,https://platform.seatgeek.com/,Fora do escopo,"Conteúdo desta categoria não atende a cadastro, contas, categorias, lançamentos ou dashboard pessoal.",Somente catálogo
875,Events,Ticketmaster,http://developer.ticketmaster.com/products-and-docs/apis/getting-started/,Fora do escopo,"Conteúdo desta categoria não atende a cadastro, contas, categorias, lançamentos ou dashboard pessoal.",Somente catálogo
883,Finance,Marketstack,https://marketstack.com/?utm_source=Github&utm_medium=Referral&utm_campaign=Public-apis-repo-Best-sellers,Fora do escopo,"Mercados, pagamentos, impostos ou contabilidade externa não atendem ao registro pessoal BRL atual.",Somente catálogo
884,Finance,Aletheia,https://aletheiaapi.com/,Fora do escopo,"Mercados, pagamentos, impostos ou contabilidade externa não atendem ao registro pessoal BRL atual.",Somente catálogo
885,Finance,Alpaca,https://alpaca.markets/docs/api-documentation/api-v2/market-data/alpaca-data-api-v2/,Fora do escopo,"Mercados, pagamentos, impostos ou contabilidade externa não atendem ao registro pessoal BRL atual.",Somente catálogo
886,Finance,Alpha Vantage,https://www.alphavantage.co/,Fora do escopo,"Mercados, pagamentos, impostos ou contabilidade externa não atendem ao registro pessoal BRL atual.",Somente catálogo
887,Finance,Banco do Brasil,https://developers.bb.com.br/home,Fora do escopo,"Mercados, pagamentos, impostos ou contabilidade externa não atendem ao registro pessoal BRL atual.",Somente catálogo
888,Finance,Bank Data,https://apilayer.com/marketplace/bank_data-api,Fora do escopo,"Mercados, pagamentos, impostos ou contabilidade externa não atendem ao registro pessoal BRL atual.",Somente catálogo
889,Finance,Billplz,https://www.billplz.com/api,Fora do escopo,"Mercados, pagamentos, impostos ou contabilidade externa não atendem ao registro pessoal BRL atual.",Somente catálogo
890,Finance,Binlist,https://binlist.net/,Fora do escopo,"Mercados, pagamentos, impostos ou contabilidade externa não atendem ao registro pessoal BRL atual.",Somente catálogo
891,Finance,Boleto.Cloud,https://boleto.cloud/,Fora do escopo,"Mercados, pagamentos, impostos ou contabilidade externa não atendem ao registro pessoal BRL atual.",Somente catálogo
892,Finance,BriefTape,https://brieftape.com,Fora do escopo,"Mercados, pagamentos, impostos ou contabilidade externa não atendem ao registro pessoal BRL atual.",Somente catálogo
893,Finance,Citi,https://sandbox.developerhub.citi.com/api-catalog-list,Fora do escopo,"Mercados, pagamentos, impostos ou contabilidade externa não atendem ao registro pessoal BRL atual.",Somente catálogo
894,Finance,CongressInvests,https://congressinvests.com,Fora do escopo,"Mercados, pagamentos, impostos ou contabilidade externa não atendem ao registro pessoal BRL atual.",Somente catálogo
895,Finance,Dino.markets,https://dino.markets/docs,Fora do escopo,"Mercados, pagamentos, impostos ou contabilidade externa não atendem ao registro pessoal BRL atual.",Somente catálogo
896,Finance,Econdb,https://www.econdb.com/api/,Fora do escopo,"Mercados, pagamentos, impostos ou contabilidade externa não atendem ao registro pessoal BRL atual.",Somente catálogo
897,Finance,EconPulse,https://econpulse.io,Fora do escopo,"Mercados, pagamentos, impostos ou contabilidade externa não atendem ao registro pessoal BRL atual.",Somente catálogo
898,Finance,Edgrapi,https://edgrapi.com,Fora do escopo,"Mercados, pagamentos, impostos ou contabilidade externa não atendem ao registro pessoal BRL atual.",Somente catálogo
899,Finance,EOD Historical Data,https://eodhd.com/,Fora do escopo,"Mercados, pagamentos, impostos ou contabilidade externa não atendem ao registro pessoal BRL atual.",Somente catálogo
900,Finance,EstimateTax,https://estimatetax.net/api/,Fora do escopo,"Mercados, pagamentos, impostos ou contabilidade externa não atendem ao registro pessoal BRL atual.",Somente catálogo
901,Finance,FarmDash,https://www.farmdash.one/agents,Fora do escopo,"Mercados, pagamentos, impostos ou contabilidade externa não atendem ao registro pessoal BRL atual.",Somente catálogo
902,Finance,Fed Treasury,https://fiscaldata.treasury.gov/api-documentation/,Fora do escopo,"Mercados, pagamentos, impostos ou contabilidade externa não atendem ao registro pessoal BRL atual.",Somente catálogo
903,Finance,Filingrail,https://rapidapi.com/hudson-enterprises-llc-hudson-enterprises-llc-default/api/filingrail,Fora do escopo,"Mercados, pagamentos, impostos ou contabilidade externa não atendem ao registro pessoal BRL atual.",Somente catálogo
904,Finance,Finage,https://finage.co.uk,Fora do escopo,"Mercados, pagamentos, impostos ou contabilidade externa não atendem ao registro pessoal BRL atual.",Somente catálogo
905,Finance,Financial Modeling Prep,https://site.financialmodelingprep.com/developer/docs,Fora do escopo,"Mercados, pagamentos, impostos ou contabilidade externa não atendem ao registro pessoal BRL atual.",Somente catálogo
906,Finance,Finnhub,https://finnhub.io/docs/api,Fora do escopo,"Mercados, pagamentos, impostos ou contabilidade externa não atendem ao registro pessoal BRL atual.",Somente catálogo
907,Finance,FRED,https://fred.stlouisfed.org/docs/api/fred/,Fora do escopo,"Mercados, pagamentos, impostos ou contabilidade externa não atendem ao registro pessoal BRL atual.",Somente catálogo
908,Finance,Front Accounting APIs,https://frontaccounting.com/fawiki/index.php?n=Devel.SimpleAPIModule,Fora do escopo,"Mercados, pagamentos, impostos ou contabilidade externa não atendem ao registro pessoal BRL atual.",Somente catálogo
909,Finance,Futures Clock,https://futuresclock.com/en/data-methodology/#open-data,Fora do escopo,"Mercados, pagamentos, impostos ou contabilidade externa não atendem ao registro pessoal BRL atual.",Somente catálogo
910,Finance,FXNewsBias,https://fxnewsbias.com/developers,Fora do escopo,"Mercados, pagamentos, impostos ou contabilidade externa não atendem ao registro pessoal BRL atual.",Somente catálogo
911,Finance,Goldprice.dev,https://goldprice.dev/docs,Fora do escopo,"Mercados, pagamentos, impostos ou contabilidade externa não atendem ao registro pessoal BRL atual.",Somente catálogo
912,Finance,Halal Terminal,https://api.halalterminal.com/docs,Fora do escopo,"Mercados, pagamentos, impostos ou contabilidade externa não atendem ao registro pessoal BRL atual.",Somente catálogo
913,Finance,Helious,https://helious.io/developers/,Fora do escopo,"Mercados, pagamentos, impostos ou contabilidade externa não atendem ao registro pessoal BRL atual.",Somente catálogo
914,Finance,Helium,https://heliumtrades.com/mcp-page/,Fora do escopo,"Mercados, pagamentos, impostos ou contabilidade externa não atendem ao registro pessoal BRL atual.",Somente catálogo
915,Finance,Hotstoks,https://hotstoks.com?utm_source=public-apis,Fora do escopo,"Mercados, pagamentos, impostos ou contabilidade externa não atendem ao registro pessoal BRL atual.",Somente catálogo
916,Finance,IBAN Analyzer,https://iban-analyzer.com/free-iban-api,Fora do escopo,"Mercados, pagamentos, impostos ou contabilidade externa não atendem ao registro pessoal BRL atual.",Somente catálogo
917,Finance,IBANforge,https://api.ibanforge.com,Fora do escopo,"Mercados, pagamentos, impostos ou contabilidade externa não atendem ao registro pessoal BRL atual.",Somente catálogo
918,Finance,IEX Cloud,https://iexcloud.io/docs/api/,Fora do escopo,"Mercados, pagamentos, impostos ou contabilidade externa não atendem ao registro pessoal BRL atual.",Somente catálogo
919,Finance,IG,https://labs.ig.com/gettingstarted,Fora do escopo,"Mercados, pagamentos, impostos ou contabilidade externa não atendem ao registro pessoal BRL atual.",Somente catálogo
920,Finance,Indian Mutual Fund,https://www.mfapi.in/,Fora do escopo,"Mercados, pagamentos, impostos ou contabilidade externa não atendem ao registro pessoal BRL atual.",Somente catálogo
921,Finance,Intrinio,https://intrinio.com/,Fora do escopo,"Mercados, pagamentos, impostos ou contabilidade externa não atendem ao registro pessoal BRL atual.",Somente catálogo
922,Finance,Klarna,https://docs.klarna.com/klarna-payments/api/payments-api/,Fora do escopo,"Mercados, pagamentos, impostos ou contabilidade externa não atendem ao registro pessoal BRL atual.",Somente catálogo
923,Finance,KmalServico Gold Price Dataset,https://www.kmalservico.com/data,Fora do escopo,"Mercados, pagamentos, impostos ou contabilidade externa não atendem ao registro pessoal BRL atual.",Somente catálogo
924,Finance,LiquiLens,https://liquilens.in/developers/,Fora do escopo,"Mercados, pagamentos, impostos ou contabilidade externa não atendem ao registro pessoal BRL atual.",Somente catálogo
925,Finance,MercadoPago,https://www.mercadopago.com.br/developers/es/reference,Fora do escopo,"Mercados, pagamentos, impostos ou contabilidade externa não atendem ao registro pessoal BRL atual.",Somente catálogo
926,Finance,Mono,https://mono.co/,Fora do escopo,"Mercados, pagamentos, impostos ou contabilidade externa não atendem ao registro pessoal BRL atual.",Somente catálogo
927,Finance,Moov,https://docs.moov.io/api/,Fora do escopo,"Mercados, pagamentos, impostos ou contabilidade externa não atendem ao registro pessoal BRL atual.",Somente catálogo
928,Finance,NORTH7 Agent,https://north7.ai/v1/docs,Fora do escopo,"Mercados, pagamentos, impostos ou contabilidade externa não atendem ao registro pessoal BRL atual.",Somente catálogo
929,Finance,Nordigen,https://nordigen.com/en/account_information_documenation/integration/quickstart_guide/,Fora do escopo,"Mercados, pagamentos, impostos ou contabilidade externa não atendem ao registro pessoal BRL atual.",Somente catálogo
930,Finance,OpenFIGI,https://www.openfigi.com/api,Fora do escopo,"Mercados, pagamentos, impostos ou contabilidade externa não atendem ao registro pessoal BRL atual.",Somente catálogo
931,Finance,PIT Financial State,https://agent-economy-pit-evaluation.onrender.com/docs,Fora do escopo,"Mercados, pagamentos, impostos ou contabilidade externa não atendem ao registro pessoal BRL atual.",Somente catálogo
932,Finance,Plaid,https://www.plaid.com/docs,Fora do escopo,"Mercados, pagamentos, impostos ou contabilidade externa não atendem ao registro pessoal BRL atual.",Somente catálogo
933,Finance,Polygon,https://polygon.io/,Fora do escopo,"Mercados, pagamentos, impostos ou contabilidade externa não atendem ao registro pessoal BRL atual.",Somente catálogo
934,Finance,Portfolio Optimizer,https://portfoliooptimizer.io/,Fora do escopo,"Mercados, pagamentos, impostos ou contabilidade externa não atendem ao registro pessoal BRL atual.",Somente catálogo
935,Finance,Razorpay IFSC,https://razorpay.com/docs/,Fora do escopo,"Mercados, pagamentos, impostos ou contabilidade externa não atendem ao registro pessoal BRL atual.",Somente catálogo
936,Finance,Real Time Finance,https://github.com/Real-time-finance/finance-websocket-API/,Fora do escopo,"Mercados, pagamentos, impostos ou contabilidade externa não atendem ao registro pessoal BRL atual.",Somente catálogo
937,Finance,SEC EDGAR Data,https://www.sec.gov/edgar/sec-api-documentation,Fora do escopo,"Mercados, pagamentos, impostos ou contabilidade externa não atendem ao registro pessoal BRL atual.",Somente catálogo
938,Finance,SmartAPI,https://smartapi.angelbroking.com/,Fora do escopo,"Mercados, pagamentos, impostos ou contabilidade externa não atendem ao registro pessoal BRL atual.",Somente catálogo
939,Finance,StockData,https://www.StockData.org,Fora do escopo,"Mercados, pagamentos, impostos ou contabilidade externa não atendem ao registro pessoal BRL atual.",Somente catálogo
940,Finance,StockFit,https://api.stockfit.io/docs,Fora do escopo,"Mercados, pagamentos, impostos ou contabilidade externa não atendem ao registro pessoal BRL atual.",Somente catálogo
941,Finance,Styvio,https://www.Styvio.com,Fora do escopo,"Mercados, pagamentos, impostos ou contabilidade externa não atendem ao registro pessoal BRL atual.",Somente catálogo
942,Finance,Sugra,https://sugra.ai,Fora do escopo,"Mercados, pagamentos, impostos ou contabilidade externa não atendem ao registro pessoal BRL atual.",Somente catálogo
943,Finance,Tax Data,https://apilayer.com/marketplace/tax_data-api,Fora do escopo,"Mercados, pagamentos, impostos ou contabilidade externa não atendem ao registro pessoal BRL atual.",Somente catálogo
944,Finance,TickerLayer,https://tickerlayer.com,Fora do escopo,"Mercados, pagamentos, impostos ou contabilidade externa não atendem ao registro pessoal BRL atual.",Somente catálogo
945,Finance,Top 5 Stocks,https://top5stocks.netlify.app/developers,Fora do escopo,"Mercados, pagamentos, impostos ou contabilidade externa não atendem ao registro pessoal BRL atual.",Somente catálogo
946,Finance,Tradier,https://developer.tradier.com,Fora do escopo,"Mercados, pagamentos, impostos ou contabilidade externa não atendem ao registro pessoal BRL atual.",Somente catálogo
947,Finance,Twelve Data,https://twelvedata.com/,Fora do escopo,"Mercados, pagamentos, impostos ou contabilidade externa não atendem ao registro pessoal BRL atual.",Somente catálogo
948,Finance,US Mortgage Calculator,https://www.usmortgagecalc.com/developers/api,Fora do escopo,"Mercados, pagamentos, impostos ou contabilidade externa não atendem ao registro pessoal BRL atual.",Somente catálogo
949,Finance,VAT Validation,https://www.abstractapi.com/vat-validation-rates-api,Fora do escopo,"Mercados, pagamentos, impostos ou contabilidade externa não atendem ao registro pessoal BRL atual.",Somente catálogo
950,Finance,WallstreetBets,https://dashboard.nbshare.io/apps/reddit/api/,Fora do escopo,"Mercados, pagamentos, impostos ou contabilidade externa não atendem ao registro pessoal BRL atual.",Somente catálogo
951,Finance,Yahoo Finance,https://www.yahoofinanceapi.com/,Fora do escopo,"Mercados, pagamentos, impostos ou contabilidade externa não atendem ao registro pessoal BRL atual.",Somente catálogo
952,Finance,YNAB,https://api.youneedabudget.com/,Adiar,Importação opcional de outro organizador; exige autorização do titular e desenho de importação.,Somente catálogo
953,Finance,Zelothorn,https://zelothorn.com/developers,Fora do escopo,"Mercados, pagamentos, impostos ou contabilidade externa não atendem ao registro pessoal BRL atual.",Somente catálogo
954,Finance,Zoho Books,https://www.zoho.com/books/api/v3/,Fora do escopo,"Mercados, pagamentos, impostos ou contabilidade externa não atendem ao registro pessoal BRL atual.",Somente catálogo
962,Food & Drink,BaconMockup,https://baconmockup.com/,Fora do escopo,"Conteúdo desta categoria não atende a cadastro, contas, categorias, lançamentos ou dashboard pessoal.",Somente catálogo
963,Food & Drink,Chomp,https://chompthis.com/api/,Fora do escopo,"Conteúdo desta categoria não atende a cadastro, contas, categorias, lançamentos ou dashboard pessoal.",Somente catálogo
964,Food & Drink,Coffee,https://coffee.alexflipnote.dev/,Fora do escopo,"Conteúdo desta categoria não atende a cadastro, contas, categorias, lançamentos ou dashboard pessoal.",Somente catálogo
965,Food & Drink,Edamam nutrition,https://developer.edamam.com/edamam-docs-nutrition-api,Fora do escopo,"Conteúdo desta categoria não atende a cadastro, contas, categorias, lançamentos ou dashboard pessoal.",Somente catálogo
966,Food & Drink,Edamam recipes,https://developer.edamam.com/edamam-docs-recipe-api,Fora do escopo,"Conteúdo desta categoria não atende a cadastro, contas, categorias, lançamentos ou dashboard pessoal.",Somente catálogo
967,Food & Drink,Food Info,https://food-info.org/developer,Fora do escopo,"Conteúdo desta categoria não atende a cadastro, contas, categorias, lançamentos ou dashboard pessoal.",Somente catálogo
968,Food & Drink,Foodish,https://github.com/surhud004/Foodish#readme,Fora do escopo,"Conteúdo desta categoria não atende a cadastro, contas, categorias, lançamentos ou dashboard pessoal.",Somente catálogo
969,Food & Drink,Fruityvice,https://www.fruityvice.com,Fora do escopo,"Conteúdo desta categoria não atende a cadastro, contas, categorias, lançamentos ou dashboard pessoal.",Somente catálogo
970,Food & Drink,Kroger,https://developer.kroger.com/reference,Fora do escopo,"Conteúdo desta categoria não atende a cadastro, contas, categorias, lançamentos ou dashboard pessoal.",Somente catálogo
971,Food & Drink,LCBO,https://lcboapi.com/,Fora do escopo,"Conteúdo desta categoria não atende a cadastro, contas, categorias, lançamentos ou dashboard pessoal.",Somente catálogo
972,Food & Drink,Open Brewery DB,https://www.openbrewerydb.org,Fora do escopo,"Conteúdo desta categoria não atende a cadastro, contas, categorias, lançamentos ou dashboard pessoal.",Somente catálogo
973,Food & Drink,Open Food Facts,https://world.openfoodfacts.org/data,Fora do escopo,"Conteúdo desta categoria não atende a cadastro, contas, categorias, lançamentos ou dashboard pessoal.",Somente catálogo
974,Food & Drink,PunkAPI,https://punkapi.com/,Fora do escopo,"Conteúdo desta categoria não atende a cadastro, contas, categorias, lançamentos ou dashboard pessoal.",Somente catálogo
975,Food & Drink,RecipeAPI,https://recipeapi.io,Fora do escopo,"Conteúdo desta categoria não atende a cadastro, contas, categorias, lançamentos ou dashboard pessoal.",Somente catálogo
976,Food & Drink,Rustybeer,https://rustybeer.herokuapp.com/,Fora do escopo,"Conteúdo desta categoria não atende a cadastro, contas, categorias, lançamentos ou dashboard pessoal.",Somente catálogo
977,Food & Drink,Spoonacular,https://spoonacular.com/food-api,Fora do escopo,"Conteúdo desta categoria não atende a cadastro, contas, categorias, lançamentos ou dashboard pessoal.",Somente catálogo
978,Food & Drink,Systembolaget,https://api-portal.systembolaget.se,Fora do escopo,"Conteúdo desta categoria não atende a cadastro, contas, categorias, lançamentos ou dashboard pessoal.",Somente catálogo
979,Food & Drink,TacoFancy,https://github.com/evz/tacofancy-api,Fora do escopo,"Conteúdo desta categoria não atende a cadastro, contas, categorias, lançamentos ou dashboard pessoal.",Somente catálogo
980,Food & Drink,Tasty,https://rapidapi.com/apidojo/api/tasty/,Fora do escopo,"Conteúdo desta categoria não atende a cadastro, contas, categorias, lançamentos ou dashboard pessoal.",Somente catálogo
981,Food & Drink,The Report of the Week,https://github.com/andyklimczak/TheReportOfTheWeek-API,Fora do escopo,"Conteúdo desta categoria não atende a cadastro, contas, categorias, lançamentos ou dashboard pessoal.",Somente catálogo
982,Food & Drink,TheCocktailDB,https://www.thecocktaildb.com/api.php,Fora do escopo,"Conteúdo desta categoria não atende a cadastro, contas, categorias, lançamentos ou dashboard pessoal.",Somente catálogo
983,Food & Drink,TheMealDB,https://www.themealdb.com/api.php,Fora do escopo,"Conteúdo desta categoria não atende a cadastro, contas, categorias, lançamentos ou dashboard pessoal.",Somente catálogo
984,Food & Drink,Untappd,https://untappd.com/api/docs,Fora do escopo,"Conteúdo desta categoria não atende a cadastro, contas, categorias, lançamentos ou dashboard pessoal.",Somente catálogo
985,Food & Drink,What's on the menu?,http://nypl.github.io/menus-api/,Fora do escopo,"Conteúdo desta categoria não atende a cadastro, contas, categorias, lançamentos ou dashboard pessoal.",Somente catálogo
986,Food & Drink,WhiskyHunter,https://whiskyhunter.net/api/,Fora do escopo,"Conteúdo desta categoria não atende a cadastro, contas, categorias, lançamentos ou dashboard pessoal.",Somente catálogo
987,Food & Drink,Zestful,https://zestfuldata.com/,Fora do escopo,"Conteúdo desta categoria não atende a cadastro, contas, categorias, lançamentos ou dashboard pessoal.",Somente catálogo
995,Games & Comics,AmiiboAPI,https://amiiboapi.com/,Fora do escopo,"Conteúdo desta categoria não atende a cadastro, contas, categorias, lançamentos ou dashboard pessoal.",Somente catálogo
996,Games & Comics,Animal Crossing: New Horizons,http://acnhapi.com/,Fora do escopo,"Conteúdo desta categoria não atende a cadastro, contas, categorias, lançamentos ou dashboard pessoal.",Somente catálogo
997,Games & Comics,Astroworld,https://api.astroworldmc.com,Fora do escopo,"Conteúdo desta categoria não atende a cadastro, contas, categorias, lançamentos ou dashboard pessoal.",Somente catálogo
998,Games & Comics,Autochess VNG,https://github.com/didadadida93/autochess-vng-api,Fora do escopo,"Conteúdo desta categoria não atende a cadastro, contas, categorias, lançamentos ou dashboard pessoal.",Somente catálogo
999,Games & Comics,Barter.VG,https://github.com/bartervg/barter.vg/wiki,Fora do escopo,"Conteúdo desta categoria não atende a cadastro, contas, categorias, lançamentos ou dashboard pessoal.",Somente catálogo
1000,Games & Comics,Battle.net,https://develop.battle.net/documentation/guides/getting-started,Fora do escopo,"Conteúdo desta categoria não atende a cadastro, contas, categorias, lançamentos ou dashboard pessoal.",Somente catálogo
1001,Games & Comics,Board Game Geek,https://boardgamegeek.com/wiki/page/BGG_XML_API2,Fora do escopo,"Conteúdo desta categoria não atende a cadastro, contas, categorias, lançamentos ou dashboard pessoal.",Somente catálogo
1002,Games & Comics,Brawl Stars,https://developer.brawlstars.com,Fora do escopo,"Conteúdo desta categoria não atende a cadastro, contas, categorias, lançamentos ou dashboard pessoal.",Somente catálogo
1003,Games & Comics,Bugsnax,https://www.bugsnaxapi.com/,Fora do escopo,"Conteúdo desta categoria não atende a cadastro, contas, categorias, lançamentos ou dashboard pessoal.",Somente catálogo
1004,Games & Comics,Call of Duty Mobile,https://callofdutymobile.vercel.app/,Fora do escopo,"Conteúdo desta categoria não atende a cadastro, contas, categorias, lançamentos ou dashboard pessoal.",Somente catálogo
1005,Games & Comics,CheapShark,https://www.cheapshark.com/api,Fora do escopo,"Conteúdo desta categoria não atende a cadastro, contas, categorias, lançamentos ou dashboard pessoal.",Somente catálogo
1006,Games & Comics,Chess.com,https://www.chess.com/news/view/published-data-api,Fora do escopo,"Conteúdo desta categoria não atende a cadastro, contas, categorias, lançamentos ou dashboard pessoal.",Somente catálogo
1007,Games & Comics,Chuck Norris Database,http://www.icndb.com/api/,Fora do escopo,"Conteúdo desta categoria não atende a cadastro, contas, categorias, lançamentos ou dashboard pessoal.",Somente catálogo
1008,Games & Comics,Clash of Clans,https://developer.clashofclans.com,Fora do escopo,"Conteúdo desta categoria não atende a cadastro, contas, categorias, lançamentos ou dashboard pessoal.",Somente catálogo
1009,Games & Comics,Clash Royale,https://developer.clashroyale.com,Fora do escopo,"Conteúdo desta categoria não atende a cadastro, contas, categorias, lançamentos ou dashboard pessoal.",Somente catálogo
1010,Games & Comics,Comic Vine,https://comicvine.gamespot.com/api/documentation,Fora do escopo,"Conteúdo desta categoria não atende a cadastro, contas, categorias, lançamentos ou dashboard pessoal.",Somente catálogo
1011,Games & Comics,Crafatar,https://crafatar.com,Fora do escopo,"Conteúdo desta categoria não atende a cadastro, contas, categorias, lançamentos ou dashboard pessoal.",Somente catálogo
1012,Games & Comics,Cross Universe,https://crossuniverse.psychpsyo.com/apiDocs.html,Fora do escopo,"Conteúdo desta categoria não atende a cadastro, contas, categorias, lançamentos ou dashboard pessoal.",Somente catálogo
1013,Games & Comics,Deck of Cards,http://deckofcardsapi.com/,Fora do escopo,"Conteúdo desta categoria não atende a cadastro, contas, categorias, lançamentos ou dashboard pessoal.",Somente catálogo
1014,Games & Comics,Destiny The Game,https://bungie-net.github.io/multi/index.html,Fora do escopo,"Conteúdo desta categoria não atende a cadastro, contas, categorias, lançamentos ou dashboard pessoal.",Somente catálogo
1015,Games & Comics,Digimon Information,https://digimon-api.vercel.app/,Fora do escopo,"Conteúdo desta categoria não atende a cadastro, contas, categorias, lançamentos ou dashboard pessoal.",Somente catálogo
1016,Games & Comics,Digimon TCG,https://documenter.getpostman.com/view/14059948/TzecB4fH,Fora do escopo,"Conteúdo desta categoria não atende a cadastro, contas, categorias, lançamentos ou dashboard pessoal.",Somente catálogo
1017,Games & Comics,Disney,https://disneyapi.dev,Fora do escopo,"Conteúdo desta categoria não atende a cadastro, contas, categorias, lançamentos ou dashboard pessoal.",Somente catálogo
1018,Games & Comics,Dota 2,https://docs.opendota.com/,Fora do escopo,"Conteúdo desta categoria não atende a cadastro, contas, categorias, lançamentos ou dashboard pessoal.",Somente catálogo
1019,Games & Comics,DotaSense Timings,https://dotasense.com/cheat-sheet#timing-api,Fora do escopo,"Conteúdo desta categoria não atende a cadastro, contas, categorias, lançamentos ou dashboard pessoal.",Somente catálogo
1020,Games & Comics,Dungeons and Dragons,https://www.dnd5eapi.co/docs/,Fora do escopo,"Conteúdo desta categoria não atende a cadastro, contas, categorias, lançamentos ou dashboard pessoal.",Somente catálogo
1021,Games & Comics,Dungeons and Dragons (Alternate),https://open5e.com/,Fora do escopo,"Conteúdo desta categoria não atende a cadastro, contas, categorias, lançamentos ou dashboard pessoal.",Somente catálogo
1022,Games & Comics,Eve Online,https://esi.evetech.net/ui,Fora do escopo,"Conteúdo desta categoria não atende a cadastro, contas, categorias, lançamentos ou dashboard pessoal.",Somente catálogo
1023,Games & Comics,FFXIV Collect,https://ffxivcollect.com/,Fora do escopo,"Conteúdo desta categoria não atende a cadastro, contas, categorias, lançamentos ou dashboard pessoal.",Somente catálogo
1024,Games & Comics,FIFA Ultimate Team,https://www.easports.com/fifa/ultimate-team/api/fut/item,Fora do escopo,"Conteúdo desta categoria não atende a cadastro, contas, categorias, lançamentos ou dashboard pessoal.",Somente catálogo
1025,Games & Comics,Final Fantasy XIV,https://xivapi.com/,Fora do escopo,"Conteúdo desta categoria não atende a cadastro, contas, categorias, lançamentos ou dashboard pessoal.",Somente catálogo
1026,Games & Comics,Fortnite,https://fortnitetracker.com/site-api,Fora do escopo,"Conteúdo desta categoria não atende a cadastro, contas, categorias, lançamentos ou dashboard pessoal.",Somente catálogo
1027,Games & Comics,Forza,https://docs.forza-api.tk,Fora do escopo,"Conteúdo desta categoria não atende a cadastro, contas, categorias, lançamentos ou dashboard pessoal.",Somente catálogo
1028,Games & Comics,FreeToGame,https://www.freetogame.com/api-doc,Fora do escopo,"Conteúdo desta categoria não atende a cadastro, contas, categorias, lançamentos ou dashboard pessoal.",Somente catálogo
1029,Games & Comics,Fun Facts,https://asli-fun-fact-api.herokuapp.com/,Fora do escopo,"Conteúdo desta categoria não atende a cadastro, contas, categorias, lançamentos ou dashboard pessoal.",Somente catálogo
1030,Games & Comics,FunTranslations,https://api.funtranslations.com/,Fora do escopo,"Conteúdo desta categoria não atende a cadastro, contas, categorias, lançamentos ou dashboard pessoal.",Somente catálogo
1031,Games & Comics,GamerPower,https://www.gamerpower.com/api-read,Fora do escopo,"Conteúdo desta categoria não atende a cadastro, contas, categorias, lançamentos ou dashboard pessoal.",Somente catálogo
1032,Games & Comics,GDBrowser,https://gdbrowser.com/api,Fora do escopo,"Conteúdo desta categoria não atende a cadastro, contas, categorias, lançamentos ou dashboard pessoal.",Somente catálogo
1033,Games & Comics,Geek-Jokes,https://github.com/sameerkumar18/geek-joke-api,Fora do escopo,"Conteúdo desta categoria não atende a cadastro, contas, categorias, lançamentos ou dashboard pessoal.",Somente catálogo
1034,Games & Comics,Genshin Impact,https://genshin.dev,Fora do escopo,"Conteúdo desta categoria não atende a cadastro, contas, categorias, lançamentos ou dashboard pessoal.",Somente catálogo
1035,Games & Comics,Giant Bomb,https://www.giantbomb.com/api/documentation,Fora do escopo,"Conteúdo desta categoria não atende a cadastro, contas, categorias, lançamentos ou dashboard pessoal.",Somente catálogo
1036,Games & Comics,GraphQL Pokemon,https://github.com/favware/graphql-pokemon,Fora do escopo,"Conteúdo desta categoria não atende a cadastro, contas, categorias, lançamentos ou dashboard pessoal.",Somente catálogo
1037,Games & Comics,Guild Wars 2,https://wiki.guildwars2.com/wiki/API:Main,Fora do escopo,"Conteúdo desta categoria não atende a cadastro, contas, categorias, lançamentos ou dashboard pessoal.",Somente catálogo
1038,Games & Comics,GW2Spidy,https://github.com/rubensayshi/gw2spidy/wiki,Fora do escopo,"Conteúdo desta categoria não atende a cadastro, contas, categorias, lançamentos ou dashboard pessoal.",Somente catálogo
1039,Games & Comics,Halo,https://developer.haloapi.com/,Fora do escopo,"Conteúdo desta categoria não atende a cadastro, contas, categorias, lançamentos ou dashboard pessoal.",Somente catálogo
1040,Games & Comics,Hearthstone,http://hearthstoneapi.com/,Fora do escopo,"Conteúdo desta categoria não atende a cadastro, contas, categorias, lançamentos ou dashboard pessoal.",Somente catálogo
1041,Games & Comics,Humble Bundle,https://rapidapi.com/Ziggoto/api/humble-bundle,Fora do escopo,"Conteúdo desta categoria não atende a cadastro, contas, categorias, lançamentos ou dashboard pessoal.",Somente catálogo
1042,Games & Comics,Humor,https://humorapi.com,Fora do escopo,"Conteúdo desta categoria não atende a cadastro, contas, categorias, lançamentos ou dashboard pessoal.",Somente catálogo
1043,Games & Comics,Hypixel,https://api.hypixel.net/,Fora do escopo,"Conteúdo desta categoria não atende a cadastro, contas, categorias, lançamentos ou dashboard pessoal.",Somente catálogo
1044,Games & Comics,Hyrule Compendium,https://github.com/gadhagod/Hyrule-Compendium-API,Fora do escopo,"Conteúdo desta categoria não atende a cadastro, contas, categorias, lançamentos ou dashboard pessoal.",Somente catálogo
1045,Games & Comics,Hytale,https://hytale-api.com/,Fora do escopo,"Conteúdo desta categoria não atende a cadastro, contas, categorias, lançamentos ou dashboard pessoal.",Somente catálogo
1046,Games & Comics,IGDB.com,https://api-docs.igdb.com,Fora do escopo,"Conteúdo desta categoria não atende a cadastro, contas, categorias, lançamentos ou dashboard pessoal.",Somente catálogo
1047,Games & Comics,JokeAPI,https://sv443.net/jokeapi/v2/,Fora do escopo,"Conteúdo desta categoria não atende a cadastro, contas, categorias, lançamentos ou dashboard pessoal.",Somente catálogo
1048,Games & Comics,Jokes One,https://jokes.one/api/joke/,Fora do escopo,"Conteúdo desta categoria não atende a cadastro, contas, categorias, lançamentos ou dashboard pessoal.",Somente catálogo
1049,Games & Comics,Jservice,http://jservice.io,Fora do escopo,"Conteúdo desta categoria não atende a cadastro, contas, categorias, lançamentos ou dashboard pessoal.",Somente catálogo
1050,Games & Comics,KrakenKeys,https://krakenkeys.com/api-docs,Fora do escopo,"Conteúdo desta categoria não atende a cadastro, contas, categorias, lançamentos ou dashboard pessoal.",Somente catálogo
1051,Games & Comics,Lichess,https://lichess.org/api,Fora do escopo,"Conteúdo desta categoria não atende a cadastro, contas, categorias, lançamentos ou dashboard pessoal.",Somente catálogo
1052,Games & Comics,Magic The Gathering,http://magicthegathering.io/,Fora do escopo,"Conteúdo desta categoria não atende a cadastro, contas, categorias, lançamentos ou dashboard pessoal.",Somente catálogo
1053,Games & Comics,Mario Kart Tour,https://mario-kart-tour-api.herokuapp.com/,Fora do escopo,"Conteúdo desta categoria não atende a cadastro, contas, categorias, lançamentos ou dashboard pessoal.",Somente catálogo
1054,Games & Comics,Marvel,https://developer.marvel.com,Fora do escopo,"Conteúdo desta categoria não atende a cadastro, contas, categorias, lançamentos ou dashboard pessoal.",Somente catálogo
1055,Games & Comics,Minecraft Server Status,https://api.mcsrvstat.us,Fora do escopo,"Conteúdo desta categoria não atende a cadastro, contas, categorias, lançamentos ou dashboard pessoal.",Somente catálogo
1056,Games & Comics,MMO Games,https://www.mmobomb.com/api,Fora do escopo,"Conteúdo desta categoria não atende a cadastro, contas, categorias, lançamentos ou dashboard pessoal.",Somente catálogo
1057,Games & Comics,mod.io,https://docs.mod.io,Fora do escopo,"Conteúdo desta categoria não atende a cadastro, contas, categorias, lançamentos ou dashboard pessoal.",Somente catálogo
1058,Games & Comics,Mojang,https://wiki.vg/Mojang_API,Fora do escopo,"Conteúdo desta categoria não atende a cadastro, contas, categorias, lançamentos ou dashboard pessoal.",Somente catálogo
1059,Games & Comics,Monster Hunter World,https://docs.mhw-db.com/,Fora do escopo,"Conteúdo desta categoria não atende a cadastro, contas, categorias, lançamentos ou dashboard pessoal.",Somente catálogo
1060,Games & Comics,Open Trivia,https://opentdb.com/api_config.php,Fora do escopo,"Conteúdo desta categoria não atende a cadastro, contas, categorias, lançamentos ou dashboard pessoal.",Somente catálogo
1061,Games & Comics,PandaScore,https://developers.pandascore.co/,Fora do escopo,"Conteúdo desta categoria não atende a cadastro, contas, categorias, lançamentos ou dashboard pessoal.",Somente catálogo
1062,Games & Comics,Path of Exile,https://www.pathofexile.com/developer/docs,Fora do escopo,"Conteúdo desta categoria não atende a cadastro, contas, categorias, lançamentos ou dashboard pessoal.",Somente catálogo
1063,Games & Comics,PlayerDB,https://playerdb.co/,Fora do escopo,"Conteúdo desta categoria não atende a cadastro, contas, categorias, lançamentos ou dashboard pessoal.",Somente catálogo
1064,Games & Comics,Pokéapi,https://pokeapi.co,Fora do escopo,"Conteúdo desta categoria não atende a cadastro, contas, categorias, lançamentos ou dashboard pessoal.",Somente catálogo
1065,Games & Comics,PokéAPI (GraphQL),https://github.com/mazipan/graphql-pokeapi,Fora do escopo,"Conteúdo desta categoria não atende a cadastro, contas, categorias, lançamentos ou dashboard pessoal.",Somente catálogo
1066,Games & Comics,Pokémon TCG,https://pokemontcg.io,Fora do escopo,"Conteúdo desta categoria não atende a cadastro, contas, categorias, lançamentos ou dashboard pessoal.",Somente catálogo
1067,Games & Comics,PokéSprite,https://msikma.github.io/pokesprite/,Fora do escopo,"Conteúdo desta categoria não atende a cadastro, contas, categorias, lançamentos ou dashboard pessoal.",Somente catálogo
1068,Games & Comics,Psychonauts,https://psychonauts-api.netlify.app/,Fora do escopo,"Conteúdo desta categoria não atende a cadastro, contas, categorias, lançamentos ou dashboard pessoal.",Somente catálogo
1069,Games & Comics,PUBG,https://developer.pubg.com/,Fora do escopo,"Conteúdo desta categoria não atende a cadastro, contas, categorias, lançamentos ou dashboard pessoal.",Somente catálogo
1070,Games & Comics,Puyo Nexus,https://github.com/deltadex7/puyodb-api-deno,Fora do escopo,"Conteúdo desta categoria não atende a cadastro, contas, categorias, lançamentos ou dashboard pessoal.",Somente catálogo
1071,Games & Comics,quizapi.io,https://quizapi.io/,Fora do escopo,"Conteúdo desta categoria não atende a cadastro, contas, categorias, lançamentos ou dashboard pessoal.",Somente catálogo
1072,Games & Comics,Raider,https://raider.io/api,Fora do escopo,"Conteúdo desta categoria não atende a cadastro, contas, categorias, lançamentos ou dashboard pessoal.",Somente catálogo
1073,Games & Comics,RAWG.io,https://rawg.io/apidocs,Fora do escopo,"Conteúdo desta categoria não atende a cadastro, contas, categorias, lançamentos ou dashboard pessoal.",Somente catálogo
1074,Games & Comics,Rblxdb,https://rblxdb.com/developers,Fora do escopo,"Conteúdo desta categoria não atende a cadastro, contas, categorias, lançamentos ou dashboard pessoal.",Somente catálogo
1075,Games & Comics,Rick and Morty,https://rickandmortyapi.com,Fora do escopo,"Conteúdo desta categoria não atende a cadastro, contas, categorias, lançamentos ou dashboard pessoal.",Somente catálogo
1076,Games & Comics,Riot Games,https://developer.riotgames.com/,Fora do escopo,"Conteúdo desta categoria não atende a cadastro, contas, categorias, lançamentos ou dashboard pessoal.",Somente catálogo
1077,Games & Comics,RPS 101,https://rps101.pythonanywhere.com/api,Fora do escopo,"Conteúdo desta categoria não atende a cadastro, contas, categorias, lançamentos ou dashboard pessoal.",Somente catálogo
1078,Games & Comics,RuneScape,https://runescape.wiki/w/Application_programming_interface,Fora do escopo,"Conteúdo desta categoria não atende a cadastro, contas, categorias, lançamentos ou dashboard pessoal.",Somente catálogo
1079,Games & Comics,Sakura CardCaptor,https://github.com/JessVel/sakura-card-captor-api,Fora do escopo,"Conteúdo desta categoria não atende a cadastro, contas, categorias, lançamentos ou dashboard pessoal.",Somente catálogo
1080,Games & Comics,Scryfall,https://scryfall.com/docs/api,Fora do escopo,"Conteúdo desta categoria não atende a cadastro, contas, categorias, lançamentos ou dashboard pessoal.",Somente catálogo
1081,Games & Comics,SpaceTradersAPI,https://spacetraders.io?rel=pub-apis,Fora do escopo,"Conteúdo desta categoria não atende a cadastro, contas, categorias, lançamentos ou dashboard pessoal.",Somente catálogo
1082,Games & Comics,Steam,https://steamapi.xpaw.me/,Fora do escopo,"Conteúdo desta categoria não atende a cadastro, contas, categorias, lançamentos ou dashboard pessoal.",Somente catálogo
1083,Games & Comics,Steam,https://github.com/Revadike/InternalSteamWebAPI/wiki,Fora do escopo,"Conteúdo desta categoria não atende a cadastro, contas, categorias, lançamentos ou dashboard pessoal.",Somente catálogo
1084,Games & Comics,SteamGPT,https://steamgpt.net,Fora do escopo,"Conteúdo desta categoria não atende a cadastro, contas, categorias, lançamentos ou dashboard pessoal.",Somente catálogo
1085,Games & Comics,SuperHeroes,https://superheroapi.com,Fora do escopo,"Conteúdo desta categoria não atende a cadastro, contas, categorias, lançamentos ou dashboard pessoal.",Somente catálogo
1086,Games & Comics,TCGdex,https://www.tcgdex.net/docs,Fora do escopo,"Conteúdo desta categoria não atende a cadastro, contas, categorias, lançamentos ou dashboard pessoal.",Somente catálogo
1087,Games & Comics,Tebex,https://docs.tebex.io/plugin/,Fora do escopo,"Conteúdo desta categoria não atende a cadastro, contas, categorias, lançamentos ou dashboard pessoal.",Somente catálogo
1088,Games & Comics,TETR.IO,https://tetr.io/about/api/,Fora do escopo,"Conteúdo desta categoria não atende a cadastro, contas, categorias, lançamentos ou dashboard pessoal.",Somente catálogo
1089,Games & Comics,Tronald Dump,https://www.tronalddump.io/,Fora do escopo,"Conteúdo desta categoria não atende a cadastro, contas, categorias, lançamentos ou dashboard pessoal.",Somente catálogo
1090,Games & Comics,Universalis,https://universalis.app/docs/index.html,Fora do escopo,"Conteúdo desta categoria não atende a cadastro, contas, categorias, lançamentos ou dashboard pessoal.",Somente catálogo
1091,Games & Comics,Valorant (non-official),https://valorant-api.com,Fora do escopo,"Conteúdo desta categoria não atende a cadastro, contas, categorias, lançamentos ou dashboard pessoal.",Somente catálogo
1092,Games & Comics,Warface (non-official),https://api.wfstats.cf,Fora do escopo,"Conteúdo desta categoria não atende a cadastro, contas, categorias, lançamentos ou dashboard pessoal.",Somente catálogo
1093,Games & Comics,Wargaming.net,https://developers.wargaming.net/,Fora do escopo,"Conteúdo desta categoria não atende a cadastro, contas, categorias, lançamentos ou dashboard pessoal.",Somente catálogo
1094,Games & Comics,When is next MCU film,https://github.com/DiljotSG/MCU-Countdown/blob/develop/docs/API.md,Fora do escopo,"Conteúdo desta categoria não atende a cadastro, contas, categorias, lançamentos ou dashboard pessoal.",Somente catálogo
1095,Games & Comics,Worth the Rip,https://worththerip.com/api/,Fora do escopo,"Conteúdo desta categoria não atende a cadastro, contas, categorias, lançamentos ou dashboard pessoal.",Somente catálogo
1096,Games & Comics,xkcd,https://xkcd.com/json.html,Fora do escopo,"Conteúdo desta categoria não atende a cadastro, contas, categorias, lançamentos ou dashboard pessoal.",Somente catálogo
1097,Games & Comics,Yu-Gi-Oh!,https://db.ygoprodeck.com/api-guide/,Fora do escopo,"Conteúdo desta categoria não atende a cadastro, contas, categorias, lançamentos ou dashboard pessoal.",Somente catálogo
1105,Geocoding,IPstack,https://ipstack.com/?utm_source=Github&utm_medium=Referral&utm_campaign=Public-apis-repo-Best-sellers,Fora do escopo,Localização e endereços não são necessários aos registros financeiros atuais.,Somente catálogo
1106,Geocoding,ipapi.com,https://ipapi.com/?utm_source=Github&utm_medium=Referral&utm_campaign=Public-apis-repo-Best-sellers,Fora do escopo,Localização e endereços não são necessários aos registros financeiros atuais.,Somente catálogo
1107,Geocoding,Actinia Grass GIS,https://actinia.mundialis.de/api_docs/,Fora do escopo,Localização e endereços não são necessários aos registros financeiros atuais.,Somente catálogo
1108,Geocoding,administrative-divisons-db,https://github.com/kamikazechaser/administrative-divisions-db,Fora do escopo,Localização e endereços não são necessários aos registros financeiros atuais.,Somente catálogo
1109,Geocoding,ApogeoAPI,https://apogeoapi.com,Fora do escopo,Localização e endereços não são necessários aos registros financeiros atuais.,Somente catálogo
1110,Geocoding,adresse.data.gouv.fr,https://adresse.data.gouv.fr,Fora do escopo,Localização e endereços não são necessários aos registros financeiros atuais.,Somente catálogo
1111,Geocoding,Airtel IP,https://sys.airtel.lv/ip2country/1.1.1.1/?full=true,Fora do escopo,Localização e endereços não são necessários aos registros financeiros atuais.,Somente catálogo
1112,Geocoding,Apiip,https://apiip.net/,Fora do escopo,Localização e endereços não são necessários aos registros financeiros atuais.,Somente catálogo
1113,Geocoding,Battuta,http://battuta.medunes.net,Fora do escopo,Localização e endereços não são necessários aos registros financeiros atuais.,Somente catálogo
1114,Geocoding,BdAPIs,https://bdapis.com/,Fora do escopo,Localização e endereços não são necessários aos registros financeiros atuais.,Somente catálogo
1115,Geocoding,BigDataCloud,https://www.bigdatacloud.com/ip-geolocation-apis,Fora do escopo,Localização e endereços não são necessários aos registros financeiros atuais.,Somente catálogo
1116,Geocoding,Bing Maps,https://www.microsoft.com/maps/,Fora do escopo,Localização e endereços não são necessários aos registros financeiros atuais.,Somente catálogo
1117,Geocoding,bng2latlong,https://www.getthedata.com/bng2latlong,Fora do escopo,Localização e endereços não são necessários aos registros financeiros atuais.,Somente catálogo
1118,Geocoding,Cartes.io,https://github.com/M-Media-Group/Cartes.io/wiki/API,Fora do escopo,Localização e endereços não são necessários aos registros financeiros atuais.,Somente catálogo
1119,Geocoding,Cep.la,http://cep.la/,Fora do escopo,Localização e endereços não são necessários aos registros financeiros atuais.,Somente catálogo
1120,Geocoding,CitySDK,http://www.citysdk.eu/citysdk-toolkit/,Fora do escopo,Localização e endereços não são necessários aos registros financeiros atuais.,Somente catálogo
1121,Geocoding,Country,http://country.is/,Fora do escopo,Localização e endereços não são necessários aos registros financeiros atuais.,Somente catálogo
1122,Geocoding,CountryStateCity,https://countrystatecity.in/,Fora do escopo,Localização e endereços não são necessários aos registros financeiros atuais.,Somente catálogo
1123,Geocoding,Ducks Unlimited,https://gis.ducks.org/datasets/du-university-chapters/api,Fora do escopo,Localização e endereços não são necessários aos registros financeiros atuais.,Somente catálogo
1124,Geocoding,GeoApi,https://api.gouv.fr/api/geoapi.html,Fora do escopo,Localização e endereços não são necessários aos registros financeiros atuais.,Somente catálogo
1125,Geocoding,Geoapify,https://www.geoapify.com/api/geocoding-api/,Fora do escopo,Localização e endereços não são necessários aos registros financeiros atuais.,Somente catálogo
1126,Geocoding,Geocod.io,https://www.geocod.io/,Fora do escopo,Localização e endereços não são necessários aos registros financeiros atuais.,Somente catálogo
1127,Geocoding,Geocode.xyz,https://geocode.xyz/api,Fora do escopo,Localização e endereços não são necessários aos registros financeiros atuais.,Somente catálogo
1128,Geocoding,Geocodify.com,https://geocodify.com/,Fora do escopo,Localização e endereços não são necessários aos registros financeiros atuais.,Somente catálogo
1129,Geocoding,Geodata.gov.gr,https://geodata.gov.gr/en/,Fora do escopo,Localização e endereços não são necessários aos registros financeiros atuais.,Somente catálogo
1130,Geocoding,GeoDataSource,https://www.geodatasource.com/web-service,Fora do escopo,Localização e endereços não são necessários aos registros financeiros atuais.,Somente catálogo
1131,Geocoding,GeoDB Cities,http://geodb-cities-api.wirefreethought.com/,Fora do escopo,Localização e endereços não são necessários aos registros financeiros atuais.,Somente catálogo
1132,Geocoding,GeographQL,https://geographql.netlify.app,Fora do escopo,Localização e endereços não são necessários aos registros financeiros atuais.,Somente catálogo
1133,Geocoding,GeoJS,https://www.geojs.io/,Fora do escopo,Localização e endereços não são necessários aos registros financeiros atuais.,Somente catálogo
1134,Geocoding,Geokeo,https://geokeo.com,Fora do escopo,Localização e endereços não são necessários aos registros financeiros atuais.,Somente catálogo
1135,Geocoding,GeoNames,http://www.geonames.org/export/web-services.html,Fora do escopo,Localização e endereços não são necessários aos registros financeiros atuais.,Somente catálogo
1136,Geocoding,geoPlugin,https://www.geoplugin.com,Fora do escopo,Localização e endereços não são necessários aos registros financeiros atuais.,Somente catálogo
1137,Geocoding,Google Earth Engine,https://developers.google.com/earth-engine/,Fora do escopo,Localização e endereços não são necessários aos registros financeiros atuais.,Somente catálogo
1138,Geocoding,Google Maps,https://developers.google.com/maps/,Fora do escopo,Localização e endereços não são necessários aos registros financeiros atuais.,Somente catálogo
1139,Geocoding,Graph Countries,https://github.com/lennertVanSever/graphcountries,Fora do escopo,Localização e endereços não são necessários aos registros financeiros atuais.,Somente catálogo
1140,Geocoding,HackMyIP,https://hackmyip.com/api,Fora do escopo,Localização e endereços não são necessários aos registros financeiros atuais.,Somente catálogo
1141,Geocoding,HelloSalut,https://fourtonfish.com/project/hellosalut-api/,Fora do escopo,Localização e endereços não são necessários aos registros financeiros atuais.,Somente catálogo
1142,Geocoding,HERE Maps,https://developer.here.com,Fora do escopo,Localização e endereços não são necessários aos registros financeiros atuais.,Somente catálogo
1143,Geocoding,Hirak IP to Country,https://iplocation.hirak.site/,Fora do escopo,Localização e endereços não são necessários aos registros financeiros atuais.,Somente catálogo
1144,Geocoding,Hong Kong GeoData Store,https://geodata.gov.hk/gs/,Fora do escopo,Localização e endereços não são necessários aos registros financeiros atuais.,Somente catálogo
1145,Geocoding,IBGE,https://servicodados.ibge.gov.br/api/docs/,Futuro condicionado,Consultar SIDRA para contexto de inflação; não confundir índice geral com inflação pessoal.,Documentação e consulta pública
1146,Geocoding,IP 2 Country,https://ip2country.info,Fora do escopo,Localização e endereços não são necessários aos registros financeiros atuais.,Somente catálogo
1147,Geocoding,IP Address Details,https://ipinfo.io/,Fora do escopo,Localização e endereços não são necessários aos registros financeiros atuais.,Somente catálogo
1148,Geocoding,IP Vigilante,https://www.ipvigilante.com/,Fora do escopo,Localização e endereços não são necessários aos registros financeiros atuais.,Somente catálogo
1149,Geocoding,ip-api,https://ip-api.com/docs,Fora do escopo,Localização e endereços não são necessários aos registros financeiros atuais.,Somente catálogo
1150,Geocoding,IP-API.io,https://ip-api.io,Fora do escopo,Localização e endereços não são necessários aos registros financeiros atuais.,Somente catálogo
1151,Geocoding,IP Geolocation,https://www.abstractapi.com/ip-geolocation-api,Fora do escopo,Localização e endereços não são necessários aos registros financeiros atuais.,Somente catálogo
1152,Geocoding,IP2Location,https://www.ip2location.com/web-service/ip2location,Fora do escopo,Localização e endereços não são necessários aos registros financeiros atuais.,Somente catálogo
1153,Geocoding,IP2Proxy,https://www.ip2location.com/web-service/ip2proxy,Fora do escopo,Localização e endereços não são necessários aos registros financeiros atuais.,Somente catálogo
1154,Geocoding,ip2geo.dev,https://ip2geo.dev,Fora do escopo,Localização e endereços não são necessários aos registros financeiros atuais.,Somente catálogo
1155,Geocoding,ipapi.co,https://ipapi.co/api/#introduction,Fora do escopo,Localização e endereços não são necessários aos registros financeiros atuais.,Somente catálogo
1156,Geocoding,IPGEO,https://api.techniknews.net/ipgeo/,Fora do escopo,Localização e endereços não são necessários aos registros financeiros atuais.,Somente catálogo
1157,Geocoding,ipgeolocation,https://ipgeolocation.io/,Fora do escopo,Localização e endereços não são necessários aos registros financeiros atuais.,Somente catálogo
1158,Geocoding,IPInfoDB,https://www.ipinfodb.com/api,Fora do escopo,Localização e endereços não são necessários aos registros financeiros atuais.,Somente catálogo
1159,Geocoding,ipstack,https://ipstack.com/,Fora do escopo,Localização e endereços não são necessários aos registros financeiros atuais.,Somente catálogo
1160,Geocoding,ipwhois,https://ipwhois.io/documentation,Fora do escopo,Localização e endereços não são necessários aos registros financeiros atuais.,Somente catálogo
1161,Geocoding,Kakao Maps,https://apis.map.kakao.com,Fora do escopo,Localização e endereços não são necessários aos registros financeiros atuais.,Somente catálogo
1162,Geocoding,keycdn IP Location Finder,https://tools.keycdn.com/geo,Fora do escopo,Localização e endereços não são necessários aos registros financeiros atuais.,Somente catálogo
1163,Geocoding,Kiprio UK Postcode,https://kiprio.com/v1/postcode,Fora do escopo,Localização e endereços não são necessários aos registros financeiros atuais.,Somente catálogo
1164,Geocoding,LatLng,https://www.latlng.work/docs,Fora do escopo,Localização e endereços não são necessários aos registros financeiros atuais.,Somente catálogo
1165,Geocoding,LocationIQ,https://locationiq.org/docs/,Fora do escopo,Localização e endereços não são necessários aos registros financeiros atuais.,Somente catálogo
1166,Geocoding,Longdo Map,https://map.longdo.com/docs/,Fora do escopo,Localização e endereços não são necessários aos registros financeiros atuais.,Somente catálogo
1167,Geocoding,Mapbox,https://docs.mapbox.com/,Fora do escopo,Localização e endereços não são necessários aos registros financeiros atuais.,Somente catálogo
1168,Geocoding,MapQuest,https://developer.mapquest.com/,Fora do escopo,Localização e endereços não são necessários aos registros financeiros atuais.,Somente catálogo
1169,Geocoding,Mexico,https://github.com/IcaliaLabs/sepomex,Fora do escopo,Localização e endereços não são necessários aos registros financeiros atuais.,Somente catálogo
1170,Geocoding,Nominatim,https://nominatim.org/release-docs/latest/api/Overview/,Fora do escopo,Localização e endereços não são necessários aos registros financeiros atuais.,Somente catálogo
1171,Geocoding,"One Map, Singapore",https://www.onemap.gov.sg/docs/,Fora do escopo,Localização e endereços não são necessários aos registros financeiros atuais.,Somente catálogo
1172,Geocoding,OnWater,https://onwater.io/,Fora do escopo,Localização e endereços não são necessários aos registros financeiros atuais.,Somente catálogo
1173,Geocoding,Open Topo Data,https://www.opentopodata.org,Fora do escopo,Localização e endereços não são necessários aos registros financeiros atuais.,Somente catálogo
1174,Geocoding,OpenCage,https://opencagedata.com,Fora do escopo,Localização e endereços não são necessários aos registros financeiros atuais.,Somente catálogo
1175,Geocoding,openrouteservice.org,https://openrouteservice.org/,Fora do escopo,Localização e endereços não são necessários aos registros financeiros atuais.,Somente catálogo
1176,Geocoding,OpenStreetMap,http://wiki.openstreetmap.org/wiki/API,Fora do escopo,Localização e endereços não são necessários aos registros financeiros atuais.,Somente catálogo
1177,Geocoding,Pinball Map,https://pinballmap.com/api/v1/docs,Fora do escopo,Localização e endereços não são necessários aos registros financeiros atuais.,Somente catálogo
1178,Geocoding,PontoFato,https://pontofato.com/api/,Fora do escopo,Localização e endereços não são necessários aos registros financeiros atuais.,Somente catálogo
1179,Geocoding,positionstack,https://positionstack.com/,Fora do escopo,Localização e endereços não são necessários aos registros financeiros atuais.,Somente catálogo
1180,Geocoding,Postali,https://postali.app/api,Fora do escopo,Localização e endereços não são necessários aos registros financeiros atuais.,Somente catálogo
1181,Geocoding,PostcodeData.nl,http://api.postcodedata.nl/v1/postcode/?postcode=1211EP&streetnumber=60&ref=domeinnaam.nl&type=json,Fora do escopo,Localização e endereços não são necessários aos registros financeiros atuais.,Somente catálogo
1182,Geocoding,Postcodes.io,https://postcodes.io,Fora do escopo,Localização e endereços não são necessários aos registros financeiros atuais.,Somente catálogo
1183,Geocoding,PostalCodes,https://postalcodes.info/api,Fora do escopo,Localização e endereços não são necessários aos registros financeiros atuais.,Somente catálogo
1184,Geocoding,Queimadas INPE,https://queimadas.dgi.inpe.br/queimadas/dados-abertos/,Fora do escopo,Localização e endereços não são necessários aos registros financeiros atuais.,Somente catálogo
1185,Geocoding,REST Countries,https://restcountries.com,Fora do escopo,Localização e endereços não são necessários aos registros financeiros atuais.,Somente catálogo
1186,Geocoding,RoadGoat Cities,https://www.roadgoat.com/business/cities-api,Fora do escopo,Localização e endereços não são necessários aos registros financeiros atuais.,Somente catálogo
1187,Geocoding,Rwanda Locations,https://rapidapi.com/victorkarangwa4/api/rwanda,Fora do escopo,Localização e endereços não são necessários aos registros financeiros atuais.,Somente catálogo
1188,Geocoding,SLF,https://github.com/slftool/slftool.github.io/blob/master/API.md,Fora do escopo,Localização e endereços não são necessários aos registros financeiros atuais.,Somente catálogo
1189,Geocoding,SpotSense,https://spotsense.io/,Fora do escopo,Localização e endereços não são necessários aos registros financeiros atuais.,Somente catálogo
1190,Geocoding,Telize,https://rapidapi.com/fcambus/api/telize/,Fora do escopo,Localização e endereços não são necessários aos registros financeiros atuais.,Somente catálogo
1191,Geocoding,TomTom,https://developer.tomtom.com/,Fora do escopo,Localização e endereços não são necessários aos registros financeiros atuais.,Somente catálogo
1192,Geocoding,Uebermaps,https://uebermaps.com/api/v2,Fora do escopo,Localização e endereços não são necessários aos registros financeiros atuais.,Somente catálogo
1193,Geocoding,US ZipCode,https://www.smarty.com/docs/cloud/us-zipcode-api,Fora do escopo,Localização e endereços não são necessários aos registros financeiros atuais.,Somente catálogo
1194,Geocoding,Utah AGRC,https://api.mapserv.utah.gov,Fora do escopo,Localização e endereços não são necessários aos registros financeiros atuais.,Somente catálogo
1195,Geocoding,ViaCep,https://viacep.com.br,Adiar,Consulta de endereço gratuita; o cadastro atual não precisa de endereço.,Documentação oficial
1196,Geocoding,What3Words,https://what3words.com,Fora do escopo,Localização e endereços não são necessários aos registros financeiros atuais.,Somente catálogo
1197,Geocoding,Yandex.Maps Geocoder,https://yandex.com/dev/maps/geocoder,Fora do escopo,Localização e endereços não são necessários aos registros financeiros atuais.,Somente catálogo
1198,Geocoding,ZipCodeAPI,https://www.zipcodeapi.com,Fora do escopo,Localização e endereços não são necessários aos registros financeiros atuais.,Somente catálogo
1199,Geocoding,Zippopotam.us,http://www.zippopotam.us,Fora do escopo,Localização e endereços não são necessários aos registros financeiros atuais.,Somente catálogo
1200,Geocoding,Ziptastic,https://ziptasticapi.com/,Fora do escopo,Localização e endereços não são necessários aos registros financeiros atuais.,Somente catálogo
1208,Government,AI Law Tracker,https://ai-law-tracker.com/developers,Fora do escopo,Base pública sem aplicação direta no domínio atual; fontes brasileiras relevantes tratadas individualmente.,Somente catálogo
1209,Government,Bank Negara Malaysia Open Data,https://apikijangportal.bnm.gov.my/,Fora do escopo,Base pública sem aplicação direta no domínio atual; fontes brasileiras relevantes tratadas individualmente.,Somente catálogo
1210,Government,BCLaws,https://www.bclaws.gov.bc.ca/civix/template/complete/api/index.html,Fora do escopo,Base pública sem aplicação direta no domínio atual; fontes brasileiras relevantes tratadas individualmente.,Somente catálogo
1211,Government,Bidledger,https://jaydemks.github.io/bidledger/api.html,Fora do escopo,Base pública sem aplicação direta no domínio atual; fontes brasileiras relevantes tratadas individualmente.,Somente catálogo
1212,Government,Brazil,https://brasilapi.com.br/,Futuro condicionado,BrasilAPI: sugestões opcionais de instituições e calendário; sem conexão a contas bancárias.,Documentação e consulta pública
1213,Government,Brazil Central Bank Open Data,https://dadosabertos.bcb.gov.br/,Futuro condicionado,Indicadores oficiais de referência; não calcular rendimento real das contas com taxa genérica.,Documentação e consulta pública
1214,Government,Brazil Receita WS,https://www.receitaws.com.br/,Adiar,CNPJ de empresas não é necessário no domínio pessoal atual.,Somente catálogo
1215,Government,Brazilian Chamber of Deputies Open Data,https://dadosabertos.camara.leg.br/swagger/api.html,Fora do escopo,Base pública sem aplicação direta no domínio atual; fontes brasileiras relevantes tratadas individualmente.,Somente catálogo
1216,Government,CPFHub,https://cpfhub.io,Não selecionar,Consulta de dados pessoais por CPF é desnecessária para registrar finanças pessoais.,Somente catálogo
1217,Government,Census.gov,https://www.census.gov/data/developers/data-sets.html,Fora do escopo,Base pública sem aplicação direta no domínio atual; fontes brasileiras relevantes tratadas individualmente.,Somente catálogo
1218,Government,"City, Berlin",https://daten.berlin.de/,Fora do escopo,Base pública sem aplicação direta no domínio atual; fontes brasileiras relevantes tratadas individualmente.,Somente catálogo
1219,Government,"City, Gdańsk",https://ckan.multimediagdansk.pl/en,Fora do escopo,Base pública sem aplicação direta no domínio atual; fontes brasileiras relevantes tratadas individualmente.,Somente catálogo
1220,Government,"City, Gdynia",http://otwartedane.gdynia.pl/en/api_doc.html,Fora do escopo,Base pública sem aplicação direta no domínio atual; fontes brasileiras relevantes tratadas individualmente.,Somente catálogo
1221,Government,"City, Helsinki",https://hri.fi/en_gb/,Fora do escopo,Base pública sem aplicação direta no domínio atual; fontes brasileiras relevantes tratadas individualmente.,Somente catálogo
1222,Government,"City, Lviv",https://opendata.city-adm.lviv.ua/,Fora do escopo,Base pública sem aplicação direta no domínio atual; fontes brasileiras relevantes tratadas individualmente.,Somente catálogo
1223,Government,"City, Nantes Open Data",https://data.nantesmetropole.fr/pages/home/,Fora do escopo,Base pública sem aplicação direta no domínio atual; fontes brasileiras relevantes tratadas individualmente.,Somente catálogo
1224,Government,"City, New York Open Data",https://opendata.cityofnewyork.us/,Fora do escopo,Base pública sem aplicação direta no domínio atual; fontes brasileiras relevantes tratadas individualmente.,Somente catálogo
1225,Government,"City, Prague Open Data",http://opendata.praha.eu/en,Fora do escopo,Base pública sem aplicação direta no domínio atual; fontes brasileiras relevantes tratadas individualmente.,Somente catálogo
1226,Government,"City, Toronto Open Data",https://open.toronto.ca/,Fora do escopo,Base pública sem aplicação direta no domínio atual; fontes brasileiras relevantes tratadas individualmente.,Somente catálogo
1227,Government,Code.gov,https://code.gov,Fora do escopo,Base pública sem aplicação direta no domínio atual; fontes brasileiras relevantes tratadas individualmente.,Somente catálogo
1228,Government,Colorado Information Marketplace,https://data.colorado.gov/,Fora do escopo,Base pública sem aplicação direta no domínio atual; fontes brasileiras relevantes tratadas individualmente.,Somente catálogo
1229,Government,Conversor IAE CNAE,https://www.conversoriaecnae.es/api/v1/docs,Fora do escopo,Base pública sem aplicação direta no domínio atual; fontes brasileiras relevantes tratadas individualmente.,Somente catálogo
1230,Government,Data USA,https://datausa.io/about/api/,Fora do escopo,Base pública sem aplicação direta no domínio atual; fontes brasileiras relevantes tratadas individualmente.,Somente catálogo
1231,Government,Data.gov,https://api.data.gov/,Fora do escopo,Base pública sem aplicação direta no domínio atual; fontes brasileiras relevantes tratadas individualmente.,Somente catálogo
1232,Government,Data.parliament.uk,https://explore.data.parliament.uk/?learnmore=Members,Fora do escopo,Base pública sem aplicação direta no domínio atual; fontes brasileiras relevantes tratadas individualmente.,Somente catálogo
1233,Government,Deutscher Bundestag DIP,https://dip.bundestag.de/documents/informationsblatt_zur_dip_api_v01.pdf,Fora do escopo,Base pública sem aplicação direta no domínio atual; fontes brasileiras relevantes tratadas individualmente.,Somente catálogo
1234,Government,Disclosed Capitol,https://www.disclosedcapitol.com/data-files/api,Fora do escopo,Base pública sem aplicação direta no domínio atual; fontes brasileiras relevantes tratadas individualmente.,Somente catálogo
1235,Government,District of Columbia Open Data,http://opendata.dc.gov/pages/using-apis,Fora do escopo,Base pública sem aplicação direta no domínio atual; fontes brasileiras relevantes tratadas individualmente.,Somente catálogo
1236,Government,DistrictAPI,https://districtapi.dev/docs,Fora do escopo,Base pública sem aplicação direta no domínio atual; fontes brasileiras relevantes tratadas individualmente.,Somente catálogo
1237,Government,eCourtsIndia,https://ecourtsindia.com/api,Fora do escopo,Base pública sem aplicação direta no domínio atual; fontes brasileiras relevantes tratadas individualmente.,Somente catálogo
1238,Government,EditalMD,https://editalmd.com/api/,Fora do escopo,Base pública sem aplicação direta no domínio atual; fontes brasileiras relevantes tratadas individualmente.,Somente catálogo
1239,Government,EPA,https://www.epa.gov/developers/data-data-products#apis,Fora do escopo,Base pública sem aplicação direta no domínio atual; fontes brasileiras relevantes tratadas individualmente.,Somente catálogo
1240,Government,FastDOL,https://www.fastdol.com/docs,Fora do escopo,Base pública sem aplicação direta no domínio atual; fontes brasileiras relevantes tratadas individualmente.,Somente catálogo
1241,Government,FBI Wanted,https://www.fbi.gov/wanted/api,Fora do escopo,Base pública sem aplicação direta no domínio atual; fontes brasileiras relevantes tratadas individualmente.,Somente catálogo
1242,Government,FEC,https://api.open.fec.gov/developers/,Fora do escopo,Base pública sem aplicação direta no domínio atual; fontes brasileiras relevantes tratadas individualmente.,Somente catálogo
1243,Government,Federal Register,https://www.federalregister.gov/reader-aids/developer-resources/rest-api,Fora do escopo,Base pública sem aplicação direta no domínio atual; fontes brasileiras relevantes tratadas individualmente.,Somente catálogo
1244,Government,Food Standards Agency,http://ratings.food.gov.uk/open-data/en-GB,Fora do escopo,Base pública sem aplicação direta no domínio atual; fontes brasileiras relevantes tratadas individualmente.,Somente catálogo
1245,Government,"Gazette Data, UK",https://www.thegazette.co.uk/data,Fora do escopo,Base pública sem aplicação direta no domínio atual; fontes brasileiras relevantes tratadas individualmente.,Somente catálogo
1246,Government,Gun Policy,https://www.gunpolicy.org/api,Fora do escopo,Base pública sem aplicação direta no domínio atual; fontes brasileiras relevantes tratadas individualmente.,Somente catálogo
1247,Government,Indian Mandi Prices,https://mandi-api.vercel.app/docs,Fora do escopo,Base pública sem aplicação direta no domínio atual; fontes brasileiras relevantes tratadas individualmente.,Somente catálogo
1248,Government,Indian Pincode,https://indianpincode.com/,Fora do escopo,Base pública sem aplicação direta no domínio atual; fontes brasileiras relevantes tratadas individualmente.,Somente catálogo
1249,Government,INEI,http://iinei.inei.gob.pe/microdatos/,Fora do escopo,Base pública sem aplicação direta no domínio atual; fontes brasileiras relevantes tratadas individualmente.,Somente catálogo
1250,Government,Interpol Red Notices,https://interpol.api.bund.dev/,Fora do escopo,Base pública sem aplicação direta no domínio atual; fontes brasileiras relevantes tratadas individualmente.,Somente catálogo
1251,Government,Istanbul (İBB) Open Data,https://data.ibb.gov.tr,Fora do escopo,Base pública sem aplicação direta no domínio atual; fontes brasileiras relevantes tratadas individualmente.,Somente catálogo
1252,Government,LocalGov.jp,https://localgov.jp/,Fora do escopo,Base pública sem aplicação direta no domínio atual; fontes brasileiras relevantes tratadas individualmente.,Somente catálogo
1253,Government,"National Park Service, US",https://www.nps.gov/subjects/developer/,Fora do escopo,Base pública sem aplicação direta no domínio atual; fontes brasileiras relevantes tratadas individualmente.,Somente catálogo
1254,Government,Neotimo DGFiP Mirror,https://neotimo.com/annuaire-dgfip,Fora do escopo,Base pública sem aplicação direta no domínio atual; fontes brasileiras relevantes tratadas individualmente.,Somente catálogo
1255,Government,"Open Government, ACT",https://www.data.act.gov.au/,Fora do escopo,Base pública sem aplicação direta no domínio atual; fontes brasileiras relevantes tratadas individualmente.,Somente catálogo
1256,Government,"Open Government, Argentina",https://datos.gob.ar/,Fora do escopo,Base pública sem aplicação direta no domínio atual; fontes brasileiras relevantes tratadas individualmente.,Somente catálogo
1257,Government,"Open Government, Australia",https://www.data.gov.au/,Fora do escopo,Base pública sem aplicação direta no domínio atual; fontes brasileiras relevantes tratadas individualmente.,Somente catálogo
1258,Government,"Open Government, Austria",https://www.data.gv.at/,Fora do escopo,Base pública sem aplicação direta no domínio atual; fontes brasileiras relevantes tratadas individualmente.,Somente catálogo
1259,Government,"Open Government, Belgium",https://data.gov.be/,Fora do escopo,Base pública sem aplicação direta no domínio atual; fontes brasileiras relevantes tratadas individualmente.,Somente catálogo
1260,Government,"Open Government, Canada",http://open.canada.ca/en,Fora do escopo,Base pública sem aplicação direta no domínio atual; fontes brasileiras relevantes tratadas individualmente.,Somente catálogo
1261,Government,"Open Government, Colombia",https://www.dane.gov.co/,Fora do escopo,Base pública sem aplicação direta no domínio atual; fontes brasileiras relevantes tratadas individualmente.,Somente catálogo
1262,Government,"Open Government, Cyprus",https://data.gov.cy/?language=en,Fora do escopo,Base pública sem aplicação direta no domínio atual; fontes brasileiras relevantes tratadas individualmente.,Somente catálogo
1263,Government,"Open Government, Czech Republic",https://data.gov.cz/english/,Fora do escopo,Base pública sem aplicação direta no domínio atual; fontes brasileiras relevantes tratadas individualmente.,Somente catálogo
1264,Government,"Open Government, Denmark",https://www.opendata.dk/,Fora do escopo,Base pública sem aplicação direta no domínio atual; fontes brasileiras relevantes tratadas individualmente.,Somente catálogo
1265,Government,"Open Government, Estonia",https://avaandmed.eesti.ee/instructions/opendata-dataset-api,Fora do escopo,Base pública sem aplicação direta no domínio atual; fontes brasileiras relevantes tratadas individualmente.,Somente catálogo
1266,Government,"Open Government, Finland",https://www.avoindata.fi/en,Fora do escopo,Base pública sem aplicação direta no domínio atual; fontes brasileiras relevantes tratadas individualmente.,Somente catálogo
1267,Government,"Open Government, France",https://www.data.gouv.fr/,Fora do escopo,Base pública sem aplicação direta no domínio atual; fontes brasileiras relevantes tratadas individualmente.,Somente catálogo
1268,Government,"Open Government, Germany",https://www.govdata.de/daten/-/details/govdata-metadatenkatalog,Fora do escopo,Base pública sem aplicação direta no domínio atual; fontes brasileiras relevantes tratadas individualmente.,Somente catálogo
1269,Government,"Open Government, Greece",https://data.gov.gr/,Fora do escopo,Base pública sem aplicação direta no domínio atual; fontes brasileiras relevantes tratadas individualmente.,Somente catálogo
1270,Government,"Open Government, India",https://data.gov.in/,Fora do escopo,Base pública sem aplicação direta no domínio atual; fontes brasileiras relevantes tratadas individualmente.,Somente catálogo
1271,Government,"Open Government, Indonesia",https://data.go.id/,Fora do escopo,Base pública sem aplicação direta no domínio atual; fontes brasileiras relevantes tratadas individualmente.,Somente catálogo
1272,Government,"Open Government, Ireland",https://data.gov.ie/pages/developers,Fora do escopo,Base pública sem aplicação direta no domínio atual; fontes brasileiras relevantes tratadas individualmente.,Somente catálogo
1273,Government,"Open Government, Italy",https://www.dati.gov.it/,Fora do escopo,Base pública sem aplicação direta no domínio atual; fontes brasileiras relevantes tratadas individualmente.,Somente catálogo
1274,Government,"Open Government, Korea",https://www.data.go.kr/,Fora do escopo,Base pública sem aplicação direta no domínio atual; fontes brasileiras relevantes tratadas individualmente.,Somente catálogo
1275,Government,"Open Government, Lithuania",https://data.gov.lt/public/api/1,Fora do escopo,Base pública sem aplicação direta no domínio atual; fontes brasileiras relevantes tratadas individualmente.,Somente catálogo
1276,Government,"Open Government, Luxembourg",https://data.public.lu,Fora do escopo,Base pública sem aplicação direta no domínio atual; fontes brasileiras relevantes tratadas individualmente.,Somente catálogo
1277,Government,"Open Government, Mexico",https://www.inegi.org.mx/datos/,Fora do escopo,Base pública sem aplicação direta no domínio atual; fontes brasileiras relevantes tratadas individualmente.,Somente catálogo
1278,Government,"Open Government, Mexico",https://datos.gob.mx/,Fora do escopo,Base pública sem aplicação direta no domínio atual; fontes brasileiras relevantes tratadas individualmente.,Somente catálogo
1279,Government,"Open Government, Netherlands",https://data.overheid.nl/en/ondersteuning/data-publiceren/api,Fora do escopo,Base pública sem aplicação direta no domínio atual; fontes brasileiras relevantes tratadas individualmente.,Somente catálogo
1280,Government,"Open Government, New South Wales",https://api.nsw.gov.au/,Fora do escopo,Base pública sem aplicação direta no domínio atual; fontes brasileiras relevantes tratadas individualmente.,Somente catálogo
1281,Government,"Open Government, New Zealand",https://www.data.govt.nz/,Fora do escopo,Base pública sem aplicação direta no domínio atual; fontes brasileiras relevantes tratadas individualmente.,Somente catálogo
1282,Government,"Open Government, Norway",https://data.norge.no/dataservices,Fora do escopo,Base pública sem aplicação direta no domínio atual; fontes brasileiras relevantes tratadas individualmente.,Somente catálogo
1283,Government,"Open Government, Peru",https://www.datosabiertos.gob.pe/,Fora do escopo,Base pública sem aplicação direta no domínio atual; fontes brasileiras relevantes tratadas individualmente.,Somente catálogo
1284,Government,"Open Government, Poland",https://dane.gov.pl/en,Fora do escopo,Base pública sem aplicação direta no domínio atual; fontes brasileiras relevantes tratadas individualmente.,Somente catálogo
1285,Government,"Open Government, Portugal",https://dados.gov.pt/en/docapi/,Fora do escopo,Base pública sem aplicação direta no domínio atual; fontes brasileiras relevantes tratadas individualmente.,Somente catálogo
1286,Government,"Open Government, Queensland Government",https://www.data.qld.gov.au/,Fora do escopo,Base pública sem aplicação direta no domínio atual; fontes brasileiras relevantes tratadas individualmente.,Somente catálogo
1287,Government,"Open Government, Romania",http://data.gov.ro/,Fora do escopo,Base pública sem aplicação direta no domínio atual; fontes brasileiras relevantes tratadas individualmente.,Somente catálogo
1288,Government,"Open Government, Saudi Arabia",https://data.gov.sa,Fora do escopo,Base pública sem aplicação direta no domínio atual; fontes brasileiras relevantes tratadas individualmente.,Somente catálogo
1289,Government,"Open Government, Singapore",https://data.gov.sg/developer,Fora do escopo,Base pública sem aplicação direta no domínio atual; fontes brasileiras relevantes tratadas individualmente.,Somente catálogo
1290,Government,"Open Government, Slovakia",https://data.gov.sk/en/,Fora do escopo,Base pública sem aplicação direta no domínio atual; fontes brasileiras relevantes tratadas individualmente.,Somente catálogo
1291,Government,"Open Government, Slovenia",https://podatki.gov.si/,Fora do escopo,Base pública sem aplicação direta no domínio atual; fontes brasileiras relevantes tratadas individualmente.,Somente catálogo
1292,Government,"Open Government, South Australian Government",https://data.sa.gov.au/,Fora do escopo,Base pública sem aplicação direta no domínio atual; fontes brasileiras relevantes tratadas individualmente.,Somente catálogo
1293,Government,"Open Government, Spain",https://datos.gob.es/en,Fora do escopo,Base pública sem aplicação direta no domínio atual; fontes brasileiras relevantes tratadas individualmente.,Somente catálogo
1294,Government,"Open Government, Sweden",https://www.dataportal.se/en/dataservice/91_29789/api-for-the-statistical-database,Fora do escopo,Base pública sem aplicação direta no domínio atual; fontes brasileiras relevantes tratadas individualmente.,Somente catálogo
1295,Government,"Open Government, Switzerland",https://handbook.opendata.swiss/de/content/nutzen/api-nutzen.html,Fora do escopo,Base pública sem aplicação direta no domínio atual; fontes brasileiras relevantes tratadas individualmente.,Somente catálogo
1296,Government,"Open Government, Taiwan",https://data.gov.tw/,Fora do escopo,Base pública sem aplicação direta no domínio atual; fontes brasileiras relevantes tratadas individualmente.,Somente catálogo
1297,Government,"Open Government, Thailand",https://data.go.th/,Fora do escopo,Base pública sem aplicação direta no domínio atual; fontes brasileiras relevantes tratadas individualmente.,Somente catálogo
1298,Government,"Open Government, UK",https://data.gov.uk/,Fora do escopo,Base pública sem aplicação direta no domínio atual; fontes brasileiras relevantes tratadas individualmente.,Somente catálogo
1299,Government,"Open Government, USA",https://www.data.gov/,Fora do escopo,Base pública sem aplicação direta no domínio atual; fontes brasileiras relevantes tratadas individualmente.,Somente catálogo
1300,Government,"Open Government, Victoria State Government",https://www.data.vic.gov.au/,Fora do escopo,Base pública sem aplicação direta no domínio atual; fontes brasileiras relevantes tratadas individualmente.,Somente catálogo
1301,Government,"Open Government, West Australia",https://data.wa.gov.au/,Fora do escopo,Base pública sem aplicação direta no domínio atual; fontes brasileiras relevantes tratadas individualmente.,Somente catálogo
1302,Government,OpenMercantil,https://openmercantil.es/api/documentacion,Fora do escopo,Base pública sem aplicação direta no domínio atual; fontes brasileiras relevantes tratadas individualmente.,Somente catálogo
1303,Government,OpenRegistry,https://openregistry.sophymarine.com,Fora do escopo,Base pública sem aplicação direta no domínio atual; fontes brasileiras relevantes tratadas individualmente.,Somente catálogo
1304,Government,PRC Exam Schedule,https://api.whenisthenextboardexam.com/docs/,Fora do escopo,Base pública sem aplicação direta no domínio atual; fontes brasileiras relevantes tratadas individualmente.,Somente catálogo
1305,Government,Radar CNPJ,https://radar-cnpj.com/api/,Fora do escopo,Base pública sem aplicação direta no domínio atual; fontes brasileiras relevantes tratadas individualmente.,Somente catálogo
1306,Government,Represent by Open North,https://represent.opennorth.ca/,Fora do escopo,Base pública sem aplicação direta no domínio atual; fontes brasileiras relevantes tratadas individualmente.,Somente catálogo
1307,Government,Tollmint,https://api.tollmint.com,Fora do escopo,Base pública sem aplicação direta no domínio atual; fontes brasileiras relevantes tratadas individualmente.,Somente catálogo
1308,Government,UK Companies House,https://developer.company-information.service.gov.uk/,Fora do escopo,Base pública sem aplicação direta no domínio atual; fontes brasileiras relevantes tratadas individualmente.,Somente catálogo
1309,Government,UK Legislation Changes,https://uk-legal-changes.pages.dev/docs,Fora do escopo,Base pública sem aplicação direta no domínio atual; fontes brasileiras relevantes tratadas individualmente.,Somente catálogo
1310,Government,US Presidential Election Data by TogaTech,https://uselection.togatech.org/api/,Fora do escopo,Base pública sem aplicação direta no domínio atual; fontes brasileiras relevantes tratadas individualmente.,Somente catálogo
1311,Government,USA.gov,https://www.usa.gov/developer,Fora do escopo,Base pública sem aplicação direta no domínio atual; fontes brasileiras relevantes tratadas individualmente.,Somente catálogo
1312,Government,US Federal Contracts & Grants,https://government-data-api.onrender.com/docs,Fora do escopo,Base pública sem aplicação direta no domínio atual; fontes brasileiras relevantes tratadas individualmente.,Somente catálogo
1313,Government,USAspending.gov,https://api.usaspending.gov/,Fora do escopo,Base pública sem aplicação direta no domínio atual; fontes brasileiras relevantes tratadas individualmente.,Somente catálogo
1314,Government,Vett,https://wimberly.solutions/api/free-sanctions-check/,Fora do escopo,Base pública sem aplicação direta no domínio atual; fontes brasileiras relevantes tratadas individualmente.,Somente catálogo
1322,Health,Clinical Trials Directory,https://trials.starfile.org/api,Fora do escopo,"Conteúdo desta categoria não atende a cadastro, contas, categorias, lançamentos ou dashboard pessoal.",Somente catálogo
1323,Health,CMS.gov,https://data.cms.gov/provider-data/,Fora do escopo,"Conteúdo desta categoria não atende a cadastro, contas, categorias, lançamentos ou dashboard pessoal.",Somente catálogo
1324,Health,Coronavirus,https://pipedream.com/@pravin/http-api-for-latest-wuhan-coronavirus-data-2019-ncov-p_G6CLVM/readme,Fora do escopo,"Conteúdo desta categoria não atende a cadastro, contas, categorias, lançamentos ou dashboard pessoal.",Somente catálogo
1325,Health,Coronavirus in the UK,https://coronavirus.data.gov.uk/details/developers-guide,Fora do escopo,"Conteúdo desta categoria não atende a cadastro, contas, categorias, lançamentos ou dashboard pessoal.",Somente catálogo
1326,Health,Covid Tracking Project,https://covidtracking.com/data/api/version-2,Fora do escopo,"Conteúdo desta categoria não atende a cadastro, contas, categorias, lançamentos ou dashboard pessoal.",Somente catálogo
1327,Health,Covid-19,https://covid19api.com/,Fora do escopo,"Conteúdo desta categoria não atende a cadastro, contas, categorias, lançamentos ou dashboard pessoal.",Somente catálogo
1328,Health,Covid-19,https://github.com/M-Media-Group/Covid-19-API,Fora do escopo,"Conteúdo desta categoria não atende a cadastro, contas, categorias, lançamentos ou dashboard pessoal.",Somente catálogo
1329,Health,Covid-19 Datenhub,https://npgeo-corona-npgeo-de.hub.arcgis.com,Fora do escopo,"Conteúdo desta categoria não atende a cadastro, contas, categorias, lançamentos ou dashboard pessoal.",Somente catálogo
1330,Health,Covid-19 Government Response,https://covidtracker.bsg.ox.ac.uk,Fora do escopo,"Conteúdo desta categoria não atende a cadastro, contas, categorias, lançamentos ou dashboard pessoal.",Somente catálogo
1331,Health,Covid-19 India,https://data.covid19india.org/,Fora do escopo,"Conteúdo desta categoria não atende a cadastro, contas, categorias, lançamentos ou dashboard pessoal.",Somente catálogo
1332,Health,Covid-19 JHU CSSE,https://nuttaphat.com/covid19-api/,Fora do escopo,"Conteúdo desta categoria não atende a cadastro, contas, categorias, lançamentos ou dashboard pessoal.",Somente catálogo
1333,Health,Covid-19 Live Data,https://github.com/mathdroid/covid-19-api,Fora do escopo,"Conteúdo desta categoria não atende a cadastro, contas, categorias, lançamentos ou dashboard pessoal.",Somente catálogo
1334,Health,Covid-19 Philippines,https://github.com/Simperfy/Covid-19-API-Philippines-DOH,Fora do escopo,"Conteúdo desta categoria não atende a cadastro, contas, categorias, lançamentos ou dashboard pessoal.",Somente catálogo
1335,Health,COVID-19 Tracker Canada,https://api.covid19tracker.ca/docs/1.0/overview,Fora do escopo,"Conteúdo desta categoria não atende a cadastro, contas, categorias, lançamentos ou dashboard pessoal.",Somente catálogo
1336,Health,COVID-19 Tracker Sri Lanka,https://www.hpb.health.gov.lk/en/api-documentation,Fora do escopo,"Conteúdo desta categoria não atende a cadastro, contas, categorias, lançamentos ou dashboard pessoal.",Somente catálogo
1337,Health,COVID-ID,https://data.covid19.go.id/public/api/prov.json,Fora do escopo,"Conteúdo desta categoria não atende a cadastro, contas, categorias, lançamentos ou dashboard pessoal.",Somente catálogo
1338,Health,Cure Cancer With AI,https://www.curecancerwithai.com/developers,Fora do escopo,"Conteúdo desta categoria não atende a cadastro, contas, categorias, lançamentos ou dashboard pessoal.",Somente catálogo
1339,Health,Dataflow Kit COVID-19,https://covid-19.dataflowkit.com,Fora do escopo,"Conteúdo desta categoria não atende a cadastro, contas, categorias, lançamentos ou dashboard pessoal.",Somente catálogo
1340,Health,Edamam,https://developer.edamam.com/,Fora do escopo,"Conteúdo desta categoria não atende a cadastro, contas, categorias, lançamentos ou dashboard pessoal.",Somente catálogo
1341,Health,ERstat,https://erstat.ca/developers,Fora do escopo,"Conteúdo desta categoria não atende a cadastro, contas, categorias, lançamentos ou dashboard pessoal.",Somente catálogo
1342,Health,FindSaunaPlunge,https://findsaunaplunge.com/api/,Fora do escopo,"Conteúdo desta categoria não atende a cadastro, contas, categorias, lançamentos ou dashboard pessoal.",Somente catálogo
1343,Health,FoodData Central,https://fdc.nal.usda.gov/,Fora do escopo,"Conteúdo desta categoria não atende a cadastro, contas, categorias, lançamentos ou dashboard pessoal.",Somente catálogo
1344,Health,Healthcare.gov,https://www.healthcare.gov/developers/,Fora do escopo,"Conteúdo desta categoria não atende a cadastro, contas, categorias, lançamentos ou dashboard pessoal.",Somente catálogo
1345,Health,Humanitarian Data Exchange,https://data.humdata.org/,Fora do escopo,"Conteúdo desta categoria não atende a cadastro, contas, categorias, lançamentos ou dashboard pessoal.",Somente catálogo
1346,Health,Infermedica,https://developer.infermedica.com/docs/,Fora do escopo,"Conteúdo desta categoria não atende a cadastro, contas, categorias, lançamentos ou dashboard pessoal.",Somente catálogo
1347,Health,LAPIS,https://cov-spectrum.ethz.ch/public,Fora do escopo,"Conteúdo desta categoria não atende a cadastro, contas, categorias, lançamentos ou dashboard pessoal.",Somente catálogo
1348,Health,Lexigram,https://docs.lexigram.io/,Fora do escopo,"Conteúdo desta categoria não atende a cadastro, contas, categorias, lançamentos ou dashboard pessoal.",Somente catálogo
1349,Health,Longevity World Cup,https://longevityworldcup.com/api/data/athletes,Fora do escopo,"Conteúdo desta categoria não atende a cadastro, contas, categorias, lançamentos ou dashboard pessoal.",Somente catálogo
1350,Health,Makeup,http://makeup-api.herokuapp.com/,Fora do escopo,"Conteúdo desta categoria não atende a cadastro, contas, categorias, lançamentos ou dashboard pessoal.",Somente catálogo
1351,Health,MedlinePlus Genetics,https://medlineplus.gov/about/developers/geneticsdatafilesapi/,Fora do escopo,"Conteúdo desta categoria não atende a cadastro, contas, categorias, lançamentos ou dashboard pessoal.",Somente catálogo
1352,Health,MyVaccination,https://documenter.getpostman.com/view/16605343/Tzm8GG7u,Fora do escopo,"Conteúdo desta categoria não atende a cadastro, contas, categorias, lançamentos ou dashboard pessoal.",Somente catálogo
1353,Health,NPPES,https://npiregistry.cms.hhs.gov/registry/help-api,Fora do escopo,"Conteúdo desta categoria não atende a cadastro, contas, categorias, lançamentos ou dashboard pessoal.",Somente catálogo
1354,Health,Nutritionix,https://developer.nutritionix.com/,Fora do escopo,"Conteúdo desta categoria não atende a cadastro, contas, categorias, lançamentos ou dashboard pessoal.",Somente catálogo
1355,Health,Open Data NHS Scotland,https://www.opendata.nhs.scot,Fora do escopo,"Conteúdo desta categoria não atende a cadastro, contas, categorias, lançamentos ou dashboard pessoal.",Somente catálogo
1356,Health,Open Disease,https://disease.sh/,Fora do escopo,"Conteúdo desta categoria não atende a cadastro, contas, categorias, lançamentos ou dashboard pessoal.",Somente catálogo
1357,Health,openFDA,https://open.fda.gov,Fora do escopo,"Conteúdo desta categoria não atende a cadastro, contas, categorias, lançamentos ou dashboard pessoal.",Somente catálogo
1358,Health,Orion Health,https://developer.orionhealth.io/,Fora do escopo,"Conteúdo desta categoria não atende a cadastro, contas, categorias, lançamentos ou dashboard pessoal.",Somente catálogo
1359,Health,Quarantine,https://quarantine.country/coronavirus/api/,Fora do escopo,"Conteúdo desta categoria não atende a cadastro, contas, categorias, lançamentos ou dashboard pessoal.",Somente catálogo
1360,Health,Urgences Québec,https://sante.handled.tools/api,Fora do escopo,"Conteúdo desta categoria não atende a cadastro, contas, categorias, lançamentos ou dashboard pessoal.",Somente catálogo
1368,Jobs,AI Dev Jobs,https://aidevboard.com/openapi.yaml,Fora do escopo,"Conteúdo desta categoria não atende a cadastro, contas, categorias, lançamentos ou dashboard pessoal.",Somente catálogo
1369,Jobs,Adzuna,https://developer.adzuna.com/overview,Fora do escopo,"Conteúdo desta categoria não atende a cadastro, contas, categorias, lançamentos ou dashboard pessoal.",Somente catálogo
1370,Jobs,Arbeitnow,https://documenter.getpostman.com/view/18545278/UVJbJdKh,Fora do escopo,"Conteúdo desta categoria não atende a cadastro, contas, categorias, lançamentos ou dashboard pessoal.",Somente catálogo
1371,Jobs,Arbeitsamt,https://jobsuche.api.bund.dev/,Fora do escopo,"Conteúdo desta categoria não atende a cadastro, contas, categorias, lançamentos ou dashboard pessoal.",Somente catálogo
1372,Jobs,Artificial Intelligence Jobs,https://artificialintelligencejobs.co/developers,Fora do escopo,"Conteúdo desta categoria não atende a cadastro, contas, categorias, lançamentos ou dashboard pessoal.",Somente catálogo
1373,Jobs,Careerjet,https://www.careerjet.com/partners/api/,Fora do escopo,"Conteúdo desta categoria não atende a cadastro, contas, categorias, lançamentos ou dashboard pessoal.",Somente catálogo
1374,Jobs,DevITjobs UK,https://devitjobs.uk/job_feed.xml,Fora do escopo,"Conteúdo desta categoria não atende a cadastro, contas, categorias, lançamentos ou dashboard pessoal.",Somente catálogo
1375,Jobs,Findwork,https://findwork.dev/developers/,Fora do escopo,"Conteúdo desta categoria não atende a cadastro, contas, categorias, lançamentos ou dashboard pessoal.",Somente catálogo
1376,Jobs,freehire,https://freehire.dev/docs/api,Fora do escopo,"Conteúdo desta categoria não atende a cadastro, contas, categorias, lançamentos ou dashboard pessoal.",Somente catálogo
1377,Jobs,GraphQL Jobs,https://graphql.jobs/docs/api/,Fora do escopo,"Conteúdo desta categoria não atende a cadastro, contas, categorias, lançamentos ou dashboard pessoal.",Somente catálogo
1378,Jobs,HeroHunt People Search,https://www.herohunt.ai/people-search-api,Fora do escopo,"Conteúdo desta categoria não atende a cadastro, contas, categorias, lançamentos ou dashboard pessoal.",Somente catálogo
1379,Jobs,Jobs2Careers,http://api.jobs2careers.com/api/spec.pdf,Fora do escopo,"Conteúdo desta categoria não atende a cadastro, contas, categorias, lançamentos ou dashboard pessoal.",Somente catálogo
1380,Jobs,Jobven,https://jobven.com/docs/getting-started,Fora do escopo,"Conteúdo desta categoria não atende a cadastro, contas, categorias, lançamentos ou dashboard pessoal.",Somente catálogo
1381,Jobs,Jooble,https://jooble.org/api/about,Fora do escopo,"Conteúdo desta categoria não atende a cadastro, contas, categorias, lançamentos ou dashboard pessoal.",Somente catálogo
1382,Jobs,Juju,http://www.juju.com/publisher/spec/,Fora do escopo,"Conteúdo desta categoria não atende a cadastro, contas, categorias, lançamentos ou dashboard pessoal.",Somente catálogo
1383,Jobs,JobDataLake,https://www.jobdatalake.com/docs,Fora do escopo,"Conteúdo desta categoria não atende a cadastro, contas, categorias, lançamentos ou dashboard pessoal.",Somente catálogo
1384,Jobs,Open Skills,https://github.com/workforce-data-initiative/skills-api/wiki/API-Overview,Fora do escopo,"Conteúdo desta categoria não atende a cadastro, contas, categorias, lançamentos ou dashboard pessoal.",Somente catálogo
1385,Jobs,Reed,https://www.reed.co.uk/developers,Fora do escopo,"Conteúdo desta categoria não atende a cadastro, contas, categorias, lançamentos ou dashboard pessoal.",Somente catálogo
1386,Jobs,TechRole Index,https://techrole.ru/open-data-daily,Fora do escopo,"Conteúdo desta categoria não atende a cadastro, contas, categorias, lançamentos ou dashboard pessoal.",Somente catálogo
1387,Jobs,The Muse,https://www.themuse.com/developers/api/v2,Fora do escopo,"Conteúdo desta categoria não atende a cadastro, contas, categorias, lançamentos ou dashboard pessoal.",Somente catálogo
1388,Jobs,Upwork,https://developers.upwork.com/,Fora do escopo,"Conteúdo desta categoria não atende a cadastro, contas, categorias, lançamentos ou dashboard pessoal.",Somente catálogo
1389,Jobs,USAJOBS,https://developer.usajobs.gov/,Fora do escopo,"Conteúdo desta categoria não atende a cadastro, contas, categorias, lançamentos ou dashboard pessoal.",Somente catálogo
1390,Jobs,WhatJobs,https://www.whatjobs.com/affiliates,Fora do escopo,"Conteúdo desta categoria não atende a cadastro, contas, categorias, lançamentos ou dashboard pessoal.",Somente catálogo
1391,Jobs,ZipRecruiter,https://www.ziprecruiter.com/publishers,Fora do escopo,"Conteúdo desta categoria não atende a cadastro, contas, categorias, lançamentos ou dashboard pessoal.",Somente catálogo
1399,Machine Learning,AI Economics Tools,https://piszczek.pl/tools/api,Fora do escopo,IA externa não é necessária ao escopo manual e pode exigir envio de conteúdo privado.,Somente catálogo
1400,Machine Learning,AI For Thai,https://aiforthai.in.th/index.php,Fora do escopo,IA externa não é necessária ao escopo manual e pode exigir envio de conteúdo privado.,Somente catálogo
1401,Machine Learning,BRAINIALL,https://github.com/fasuizu-br/brainiall-transcription-skill,Fora do escopo,IA externa não é necessária ao escopo manual e pode exigir envio de conteúdo privado.,Somente catálogo
1402,Machine Learning,Clarifai,https://docs.clarifai.com/api-guide/api-overview,Fora do escopo,IA externa não é necessária ao escopo manual e pode exigir envio de conteúdo privado.,Somente catálogo
1403,Machine Learning,Cloudmersive,https://www.cloudmersive.com/image-recognition-and-processing-api,Fora do escopo,IA externa não é necessária ao escopo manual e pode exigir envio de conteúdo privado.,Somente catálogo
1404,Machine Learning,DeepAI,https://deepai.org/,Fora do escopo,IA externa não é necessária ao escopo manual e pode exigir envio de conteúdo privado.,Somente catálogo
1405,Machine Learning,Deepcode,https://www.deepcode.ai,Fora do escopo,IA externa não é necessária ao escopo manual e pode exigir envio de conteúdo privado.,Somente catálogo
1406,Machine Learning,Dialogflow,https://cloud.google.com/dialogflow/docs/,Fora do escopo,IA externa não é necessária ao escopo manual e pode exigir envio de conteúdo privado.,Somente catálogo
1407,Machine Learning,DreamThreads,https://mydreamthreads.xyz/dream-interpretation-api,Fora do escopo,IA externa não é necessária ao escopo manual e pode exigir envio de conteúdo privado.,Somente catálogo
1408,Machine Learning,EXUDE-API,http://uttesh.com/exude-api/,Fora do escopo,IA externa não é necessária ao escopo manual e pode exigir envio de conteúdo privado.,Somente catálogo
1409,Machine Learning,GoldBean,https://goldbean-api.xyz/docs,Fora do escopo,IA externa não é necessária ao escopo manual e pode exigir envio de conteúdo privado.,Somente catálogo
1410,Machine Learning,Google Gemini,https://ai.google.dev/gemini-api/docs,Fora do escopo,IA externa não é necessária ao escopo manual e pode exigir envio de conteúdo privado.,Somente catálogo
1411,Machine Learning,Groq,https://console.groq.com/docs/quickstart,Fora do escopo,IA externa não é necessária ao escopo manual e pode exigir envio de conteúdo privado.,Somente catálogo
1412,Machine Learning,Hirak FaceAPI,https://faceapi.hirak.site/,Fora do escopo,IA externa não é necessária ao escopo manual e pode exigir envio de conteúdo privado.,Somente catálogo
1413,Machine Learning,Hugging Face,https://huggingface.co,Fora do escopo,IA externa não é necessária ao escopo manual e pode exigir envio de conteúdo privado.,Somente catálogo
1414,Machine Learning,Imagga,https://imagga.com/,Fora do escopo,IA externa não é necessária ao escopo manual e pode exigir envio de conteúdo privado.,Somente catálogo
1415,Machine Learning,Inferdo,https://rapidapi.com/user/inferdo,Fora do escopo,IA externa não é necessária ao escopo manual e pode exigir envio de conteúdo privado.,Somente catálogo
1416,Machine Learning,IPS Online,https://docs.identity.ps/docs,Fora do escopo,IA externa não é necessária ao escopo manual e pode exigir envio de conteúdo privado.,Somente catálogo
1417,Machine Learning,Irisnet,https://irisnet.de/api/,Fora do escopo,IA externa não é necessária ao escopo manual e pode exigir envio de conteúdo privado.,Somente catálogo
1418,Machine Learning,Jina AI,https://jina.ai,Fora do escopo,IA externa não é necessária ao escopo manual e pode exigir envio de conteúdo privado.,Somente catálogo
1419,Machine Learning,Keen IO,https://keen.io/,Fora do escopo,IA externa não é necessária ao escopo manual e pode exigir envio de conteúdo privado.,Somente catálogo
1420,Machine Learning,Machinetutors,https://www.machinetutors.com/portfolio/MT_api.html,Fora do escopo,IA externa não é necessária ao escopo manual e pode exigir envio de conteúdo privado.,Somente catálogo
1421,Machine Learning,MediaCraft AI,https://mediacraft-x402-api.onrender.com,Fora do escopo,IA externa não é necessária ao escopo manual e pode exigir envio de conteúdo privado.,Somente catálogo
1422,Machine Learning,MessengerX.io,https://messengerx.rtfd.io,Fora do escopo,IA externa não é necessária ao escopo manual e pode exigir envio de conteúdo privado.,Somente catálogo
1423,Machine Learning,Modelfax,https://bytebrujo.github.io/modelfax/,Fora do escopo,IA externa não é necessária ao escopo manual e pode exigir envio de conteúdo privado.,Somente catálogo
1424,Machine Learning,NLP Cloud,https://nlpcloud.io,Fora do escopo,IA externa não é necessária ao escopo manual e pode exigir envio de conteúdo privado.,Somente catálogo
1425,Machine Learning,Not Human Search,https://nothumansearch.ai/openapi.yaml,Fora do escopo,IA externa não é necessária ao escopo manual e pode exigir envio de conteúdo privado.,Somente catálogo
1426,Machine Learning,OpenVisionAPI,https://openvisionapi.com,Fora do escopo,IA externa não é necessária ao escopo manual e pode exigir envio de conteúdo privado.,Somente catálogo
1427,Machine Learning,Perspective,https://perspectiveapi.com,Fora do escopo,IA externa não é necessária ao escopo manual e pode exigir envio de conteúdo privado.,Somente catálogo
1428,Machine Learning,Roboflow Universe,https://universe.roboflow.com,Fora do escopo,IA externa não é necessária ao escopo manual e pode exigir envio de conteúdo privado.,Somente catálogo
1429,Machine Learning,SkyBiometry,https://skybiometry.com/documentation/,Fora do escopo,IA externa não é necessária ao escopo manual e pode exigir envio de conteúdo privado.,Somente catálogo
1430,Machine Learning,Statlyte,https://statlyte.com/api,Fora do escopo,IA externa não é necessária ao escopo manual e pode exigir envio de conteúdo privado.,Somente catálogo
1431,Machine Learning,TensorFeed,https://tensorfeed.ai/developers,Fora do escopo,IA externa não é necessária ao escopo manual e pode exigir envio de conteúdo privado.,Somente catálogo
1432,Machine Learning,Time Door,https://timedoor.io,Fora do escopo,IA externa não é necessária ao escopo manual e pode exigir envio de conteúdo privado.,Somente catálogo
1433,Machine Learning,Unplugg,https://unplu.gg/test_api.html,Fora do escopo,IA externa não é necessária ao escopo manual e pode exigir envio de conteúdo privado.,Somente catálogo
1434,Machine Learning,WolframAlpha,https://products.wolframalpha.com/api/,Fora do escopo,IA externa não é necessária ao escopo manual e pode exigir envio de conteúdo privado.,Somente catálogo
1442,Music,7digital,https://docs.7digital.com/reference,Fora do escopo,"Conteúdo desta categoria não atende a cadastro, contas, categorias, lançamentos ou dashboard pessoal.",Somente catálogo
1443,Music,AI Mastering,https://aimastering.com/api_docs/,Fora do escopo,"Conteúdo desta categoria não atende a cadastro, contas, categorias, lançamentos ou dashboard pessoal.",Somente catálogo
1444,Music,Audiomack,https://www.audiomack.com/data-api/docs,Fora do escopo,"Conteúdo desta categoria não atende a cadastro, contas, categorias, lançamentos ou dashboard pessoal.",Somente catálogo
1445,Music,Bandcamp,https://bandcamp.com/developer,Fora do escopo,"Conteúdo desta categoria não atende a cadastro, contas, categorias, lançamentos ou dashboard pessoal.",Somente catálogo
1446,Music,Bandsintown,https://app.swaggerhub.com/apis/Bandsintown/PublicAPI/3.0.0,Fora do escopo,"Conteúdo desta categoria não atende a cadastro, contas, categorias, lançamentos ou dashboard pessoal.",Somente catálogo
1447,Music,Deezer,https://developers.deezer.com/api,Fora do escopo,"Conteúdo desta categoria não atende a cadastro, contas, categorias, lançamentos ou dashboard pessoal.",Somente catálogo
1448,Music,Discogs,https://www.discogs.com/developers/,Fora do escopo,"Conteúdo desta categoria não atende a cadastro, contas, categorias, lançamentos ou dashboard pessoal.",Somente catálogo
1449,Music,Freesound,https://freesound.org/docs/api/,Fora do escopo,"Conteúdo desta categoria não atende a cadastro, contas, categorias, lançamentos ou dashboard pessoal.",Somente catálogo
1450,Music,Gaana,https://github.com/cyberboysumanjay/GaanaAPI,Fora do escopo,"Conteúdo desta categoria não atende a cadastro, contas, categorias, lançamentos ou dashboard pessoal.",Somente catálogo
1451,Music,Genius,https://docs.genius.com/,Fora do escopo,"Conteúdo desta categoria não atende a cadastro, contas, categorias, lançamentos ou dashboard pessoal.",Somente catálogo
1452,Music,Genrenator,https://binaryjazz.us/genrenator-api/,Fora do escopo,"Conteúdo desta categoria não atende a cadastro, contas, categorias, lançamentos ou dashboard pessoal.",Somente catálogo
1453,Music,iTunes Search,https://affiliate.itunes.apple.com/resources/documentation/itunes-store-web-service-search-api/,Fora do escopo,"Conteúdo desta categoria não atende a cadastro, contas, categorias, lançamentos ou dashboard pessoal.",Somente catálogo
1454,Music,Jamendo,https://developer.jamendo.com/v3.0/docs,Fora do escopo,"Conteúdo desta categoria não atende a cadastro, contas, categorias, lançamentos ou dashboard pessoal.",Somente catálogo
1455,Music,JioSaavn,https://github.com/cyberboysumanjay/JioSaavnAPI,Fora do escopo,"Conteúdo desta categoria não atende a cadastro, contas, categorias, lançamentos ou dashboard pessoal.",Somente catálogo
1456,Music,KKBOX,https://developer.kkbox.com,Fora do escopo,"Conteúdo desta categoria não atende a cadastro, contas, categorias, lançamentos ou dashboard pessoal.",Somente catálogo
1457,Music,KSoft.Si Lyrics,https://docs.ksoft.si/api/lyrics-api,Fora do escopo,"Conteúdo desta categoria não atende a cadastro, contas, categorias, lançamentos ou dashboard pessoal.",Somente catálogo
1458,Music,LastFm,https://www.last.fm/api,Fora do escopo,"Conteúdo desta categoria não atende a cadastro, contas, categorias, lançamentos ou dashboard pessoal.",Somente catálogo
1459,Music,Lyrics.ovh,https://lyricsovh.docs.apiary.io,Fora do escopo,"Conteúdo desta categoria não atende a cadastro, contas, categorias, lançamentos ou dashboard pessoal.",Somente catálogo
1460,Music,Mixcloud,https://www.mixcloud.com/developers/,Fora do escopo,"Conteúdo desta categoria não atende a cadastro, contas, categorias, lançamentos ou dashboard pessoal.",Somente catálogo
1461,Music,MusicBrainz,https://musicbrainz.org/doc/Development/XML_Web_Service/Version_2,Fora do escopo,"Conteúdo desta categoria não atende a cadastro, contas, categorias, lançamentos ou dashboard pessoal.",Somente catálogo
1462,Music,Musixmatch,https://developer.musixmatch.com/,Fora do escopo,"Conteúdo desta categoria não atende a cadastro, contas, categorias, lançamentos ou dashboard pessoal.",Somente catálogo
1463,Music,Napster,https://developer.napster.com/api/v2.2,Fora do escopo,"Conteúdo desta categoria não atende a cadastro, contas, categorias, lançamentos ou dashboard pessoal.",Somente catálogo
1464,Music,Openwhyd,https://openwhyd.github.io/openwhyd/API,Fora do escopo,"Conteúdo desta categoria não atende a cadastro, contas, categorias, lançamentos ou dashboard pessoal.",Somente catálogo
1465,Music,Phishin,https://phish.in/api-docs,Fora do escopo,"Conteúdo desta categoria não atende a cadastro, contas, categorias, lançamentos ou dashboard pessoal.",Somente catálogo
1466,Music,Radio Browser,https://api.radio-browser.info/,Fora do escopo,"Conteúdo desta categoria não atende a cadastro, contas, categorias, lançamentos ou dashboard pessoal.",Somente catálogo
1467,Music,Songkick,https://www.songkick.com/developer/,Fora do escopo,"Conteúdo desta categoria não atende a cadastro, contas, categorias, lançamentos ou dashboard pessoal.",Somente catálogo
1468,Music,Songlink / Odesli,https://www.notion.so/API-d0ebe08a5e304a55928405eb682f6741,Fora do escopo,"Conteúdo desta categoria não atende a cadastro, contas, categorias, lançamentos ou dashboard pessoal.",Somente catálogo
1469,Music,Songsterr,https://www.songsterr.com/a/wa/api/,Fora do escopo,"Conteúdo desta categoria não atende a cadastro, contas, categorias, lançamentos ou dashboard pessoal.",Somente catálogo
1470,Music,SoundCloud,https://developers.soundcloud.com/docs/api/guide,Fora do escopo,"Conteúdo desta categoria não atende a cadastro, contas, categorias, lançamentos ou dashboard pessoal.",Somente catálogo
1471,Music,Spotify,https://beta.developer.spotify.com/documentation/web-api/,Fora do escopo,"Conteúdo desta categoria não atende a cadastro, contas, categorias, lançamentos ou dashboard pessoal.",Somente catálogo
1472,Music,Sunor,https://docs.sunor.cc,Fora do escopo,"Conteúdo desta categoria não atende a cadastro, contas, categorias, lançamentos ou dashboard pessoal.",Somente catálogo
1473,Music,TasteDive,https://tastedive.com/read/api,Fora do escopo,"Conteúdo desta categoria não atende a cadastro, contas, categorias, lançamentos ou dashboard pessoal.",Somente catálogo
1474,Music,TheAudioDB,https://www.theaudiodb.com/api_guide.php,Fora do escopo,"Conteúdo desta categoria não atende a cadastro, contas, categorias, lançamentos ou dashboard pessoal.",Somente catálogo
1475,Music,Vagalume,https://api.vagalume.com.br/docs/,Fora do escopo,"Conteúdo desta categoria não atende a cadastro, contas, categorias, lançamentos ou dashboard pessoal.",Somente catálogo
1476,Music,Verome,https://github.com/Kirazul/Verome-API,Fora do escopo,"Conteúdo desta categoria não atende a cadastro, contas, categorias, lançamentos ou dashboard pessoal.",Somente catálogo
1484,News,Mediastack,https://mediastack.com?utm_source=Github&utm_medium=Referral&utm_campaign=Public-apis-repo-Best-sellers,Fora do escopo,"Conteúdo desta categoria não atende a cadastro, contas, categorias, lançamentos ou dashboard pessoal.",Somente catálogo
1485,News,Associated Press,https://developer.ap.org/,Fora do escopo,"Conteúdo desta categoria não atende a cadastro, contas, categorias, lançamentos ou dashboard pessoal.",Somente catálogo
1486,News,Chronicling America,http://chroniclingamerica.loc.gov/about/api/,Fora do escopo,"Conteúdo desta categoria não atende a cadastro, contas, categorias, lançamentos ou dashboard pessoal.",Somente catálogo
1487,News,Currents,https://currentsapi.services/,Fora do escopo,"Conteúdo desta categoria não atende a cadastro, contas, categorias, lançamentos ou dashboard pessoal.",Somente catálogo
1488,News,DataCube AI,https://www.datacubeai.space/en/tools/ai-news-api,Fora do escopo,"Conteúdo desta categoria não atende a cadastro, contas, categorias, lançamentos ou dashboard pessoal.",Somente catálogo
1489,News,Feedbin,https://github.com/feedbin/feedbin-api,Fora do escopo,"Conteúdo desta categoria não atende a cadastro, contas, categorias, lançamentos ou dashboard pessoal.",Somente catálogo
1490,News,Florida Man,https://github.com/juliayxhuang/florida-man-api#readme,Fora do escopo,"Conteúdo desta categoria não atende a cadastro, contas, categorias, lançamentos ou dashboard pessoal.",Somente catálogo
1491,News,GNews,https://gnews.io/,Fora do escopo,"Conteúdo desta categoria não atende a cadastro, contas, categorias, lançamentos ou dashboard pessoal.",Somente catálogo
1492,News,Graphs for Coronavirus,https://corona.dnsforfamily.com/api.txt,Fora do escopo,"Conteúdo desta categoria não atende a cadastro, contas, categorias, lançamentos ou dashboard pessoal.",Somente catálogo
1493,News,Inshorts News,https://github.com/cyberboysumanjay/Inshorts-News-API,Fora do escopo,"Conteúdo desta categoria não atende a cadastro, contas, categorias, lançamentos ou dashboard pessoal.",Somente catálogo
1494,News,MarketAux,https://www.marketaux.com/,Fora do escopo,"Conteúdo desta categoria não atende a cadastro, contas, categorias, lançamentos ou dashboard pessoal.",Somente catálogo
1495,News,New York Times,https://developer.nytimes.com/,Fora do escopo,"Conteúdo desta categoria não atende a cadastro, contas, categorias, lançamentos ou dashboard pessoal.",Somente catálogo
1496,News,News,https://newsapi.org/,Fora do escopo,"Conteúdo desta categoria não atende a cadastro, contas, categorias, lançamentos ou dashboard pessoal.",Somente catálogo
1497,News,NewsData,https://newsdata.io/docs,Fora do escopo,"Conteúdo desta categoria não atende a cadastro, contas, categorias, lançamentos ou dashboard pessoal.",Somente catálogo
1498,News,Newsflash,https://newsflash.sh/docs,Fora do escopo,"Conteúdo desta categoria não atende a cadastro, contas, categorias, lançamentos ou dashboard pessoal.",Somente catálogo
1499,News,NewsX,https://rapidapi.com/machaao-inc-machaao-inc-default/api/newsx/,Fora do escopo,"Conteúdo desta categoria não atende a cadastro, contas, categorias, lançamentos ou dashboard pessoal.",Somente catálogo
1500,News,Noozra,https://noozra.com/api,Fora do escopo,"Conteúdo desta categoria não atende a cadastro, contas, categorias, lançamentos ou dashboard pessoal.",Somente catálogo
1501,News,NPR One,http://dev.npr.org/api/,Fora do escopo,"Conteúdo desta categoria não atende a cadastro, contas, categorias, lançamentos ou dashboard pessoal.",Somente catálogo
1502,News,Spaceflight News,https://spaceflightnewsapi.net,Fora do escopo,"Conteúdo desta categoria não atende a cadastro, contas, categorias, lançamentos ou dashboard pessoal.",Somente catálogo
1503,News,The Guardian,http://open-platform.theguardian.com/,Fora do escopo,"Conteúdo desta categoria não atende a cadastro, contas, categorias, lançamentos ou dashboard pessoal.",Somente catálogo
1504,News,The Old Reader,https://github.com/theoldreader/api,Fora do escopo,"Conteúdo desta categoria não atende a cadastro, contas, categorias, lançamentos ou dashboard pessoal.",Somente catálogo
1505,News,TheNews,https://www.thenewsapi.com/,Fora do escopo,"Conteúdo desta categoria não atende a cadastro, contas, categorias, lançamentos ou dashboard pessoal.",Somente catálogo
1506,News,Trove,https://trove.nla.gov.au/about/create-something/using-api,Fora do escopo,"Conteúdo desta categoria não atende a cadastro, contas, categorias, lançamentos ou dashboard pessoal.",Somente catálogo
1514,Open Data,18F,http://18f.github.io/API-All-the-X/,Fora do escopo,Base genérica sem necessidade concreta no dashboard pessoal atual.,Somente catálogo
1515,Open Data,49 Gallery Historical Data,https://api.181649.com/docs,Fora do escopo,Base genérica sem necessidade concreta no dashboard pessoal atual.,Somente catálogo
1516,Open Data,AcreLens,https://www.acrelens.com,Fora do escopo,Base genérica sem necessidade concreta no dashboard pessoal atual.,Somente catálogo
1517,Open Data,API Setu,https://www.apisetu.gov.in/,Fora do escopo,Base genérica sem necessidade concreta no dashboard pessoal atual.,Somente catálogo
1518,Open Data,Archive.org,https://archive.readme.io/docs,Fora do escopo,Base genérica sem necessidade concreta no dashboard pessoal atual.,Somente catálogo
1519,Open Data,Black History Facts,https://www.blackhistoryapi.io/docs,Fora do escopo,Base genérica sem necessidade concreta no dashboard pessoal atual.,Somente catálogo
1520,Open Data,BotsArchive,https://botsarchive.com/docs.html,Fora do escopo,Base genérica sem necessidade concreta no dashboard pessoal atual.,Somente catálogo
1521,Open Data,BTU Graph,https://btugraph.com/data/,Fora do escopo,Base genérica sem necessidade concreta no dashboard pessoal atual.,Somente catálogo
1522,Open Data,Callook.info,https://callook.info,Fora do escopo,Base genérica sem necessidade concreta no dashboard pessoal atual.,Somente catálogo
1523,Open Data,CARTO,https://carto.com/,Fora do escopo,Base genérica sem necessidade concreta no dashboard pessoal atual.,Somente catálogo
1524,Open Data,CollegeScoreCard.ed.gov,https://collegescorecard.ed.gov/data/,Fora do escopo,Base genérica sem necessidade concreta no dashboard pessoal atual.,Somente catálogo
1525,Open Data,CuttingToolsAI,https://cuttingtoolsai.eu/api,Fora do escopo,Base genérica sem necessidade concreta no dashboard pessoal atual.,Somente catálogo
1526,Open Data,Enigma Public,https://developers.enigma.com/docs,Fora do escopo,Base genérica sem necessidade concreta no dashboard pessoal atual.,Somente catálogo
1527,Open Data,EOSL,https://eosl.ai/api/,Fora do escopo,Base genérica sem necessidade concreta no dashboard pessoal atual.,Somente catálogo
1528,Open Data,French Address Search,https://geo.api.gouv.fr/adresse,Fora do escopo,Base genérica sem necessidade concreta no dashboard pessoal atual.,Somente catálogo
1529,Open Data,GENESIS,https://www.destatis.de/EN/Service/OpenData/api-webservice.html,Fora do escopo,Base genérica sem necessidade concreta no dashboard pessoal atual.,Somente catálogo
1530,Open Data,InfraNode,https://infranode.dev,Fora do escopo,Base genérica sem necessidade concreta no dashboard pessoal atual.,Somente catálogo
1531,Open Data,i6eal Open AI Data,https://i6eal.de/en/tools/data/,Fora do escopo,Base genérica sem necessidade concreta no dashboard pessoal atual.,Somente catálogo
1532,Open Data,Joshua Project,https://api.joshuaproject.net/,Fora do escopo,Base genérica sem necessidade concreta no dashboard pessoal atual.,Somente catálogo
1533,Open Data,K-Data Gate,https://kdata-gate.vercel.app/docs,Fora do escopo,Base genérica sem necessidade concreta no dashboard pessoal atual.,Somente catálogo
1534,Open Data,Kaggle,https://www.kaggle.com/docs/api,Fora do escopo,Base genérica sem necessidade concreta no dashboard pessoal atual.,Somente catálogo
1535,Open Data,LinkPreview,https://www.linkpreview.net,Fora do escopo,Base genérica sem necessidade concreta no dashboard pessoal atual.,Somente catálogo
1536,Open Data,LottoLens PH,https://remo65588-boop.github.io/lottolens-ph-public-data/api/,Fora do escopo,Base genérica sem necessidade concreta no dashboard pessoal atual.,Somente catálogo
1537,Open Data,Lowy Asia Power Index,https://github.com/0x0is1/lowy-index-api-docs,Fora do escopo,Base genérica sem necessidade concreta no dashboard pessoal atual.,Somente catálogo
1538,Open Data,Microlink.io,https://microlink.io,Fora do escopo,Base genérica sem necessidade concreta no dashboard pessoal atual.,Somente catálogo
1539,Open Data,MostExpensiveWatches,https://mostexpensivewatches.net/api,Fora do escopo,Base genérica sem necessidade concreta no dashboard pessoal atual.,Somente catálogo
1540,Open Data,ModelPartFinder Error Codes,https://modelpartfinder.com/docs/api,Fora do escopo,Base genérica sem necessidade concreta no dashboard pessoal atual.,Somente catálogo
1541,Open Data,Nasdaq Data Link,https://docs.data.nasdaq.com/,Fora do escopo,Base genérica sem necessidade concreta no dashboard pessoal atual.,Somente catálogo
1542,Open Data,Nobel Prize,https://www.nobelprize.org/about/developer-zone-2/,Fora do escopo,Base genérica sem necessidade concreta no dashboard pessoal atual.,Somente catálogo
1543,Open Data,Onyx Bazaar,https://onyx-actions.onrender.com/bazaar,Fora do escopo,Base genérica sem necessidade concreta no dashboard pessoal atual.,Somente catálogo
1544,Open Data,Open Data Minneapolis,https://opendata.minneapolismn.gov/,Fora do escopo,Base genérica sem necessidade concreta no dashboard pessoal atual.,Somente catálogo
1545,Open Data,Open Scholarships,https://scholarships.grudged.io,Fora do escopo,Base genérica sem necessidade concreta no dashboard pessoal atual.,Somente catálogo
1546,Open Data,openAFRICA,https://africaopendata.org/,Fora do escopo,Base genérica sem necessidade concreta no dashboard pessoal atual.,Somente catálogo
1547,Open Data,OpenCorporates,http://api.opencorporates.com/documentation/API-Reference,Fora do escopo,Base genérica sem necessidade concreta no dashboard pessoal atual.,Somente catálogo
1548,Open Data,OpenSanctions,https://www.opensanctions.org/docs/api/,Fora do escopo,Base genérica sem necessidade concreta no dashboard pessoal atual.,Somente catálogo
1549,Open Data,Pan Africa Data,https://panafricadata.com,Fora do escopo,Base genérica sem necessidade concreta no dashboard pessoal atual.,Somente catálogo
1550,Open Data,PayCrunch,https://paycrunch.co/api.html,Fora do escopo,Base genérica sem necessidade concreta no dashboard pessoal atual.,Somente catálogo
1551,Open Data,PeakMetrics,https://rapidapi.com/peakmetrics-peakmetrics-default/api/peakmetrics-news,Fora do escopo,Base genérica sem necessidade concreta no dashboard pessoal atual.,Somente catálogo
1552,Open Data,PublicDataHub,https://publicdatahub.org/api,Fora do escopo,Base genérica sem necessidade concreta no dashboard pessoal atual.,Somente catálogo
1553,Open Data,Recreation Information Database,https://ridb.recreation.gov/,Fora do escopo,Base genérica sem necessidade concreta no dashboard pessoal atual.,Somente catálogo
1554,Open Data,Registrum,https://api.registrum.co.uk/docs,Fora do escopo,Base genérica sem necessidade concreta no dashboard pessoal atual.,Somente catálogo
1555,Open Data,Scoop.it,http://www.scoop.it/dev,Fora do escopo,Base genérica sem necessidade concreta no dashboard pessoal atual.,Somente catálogo
1556,Open Data,SlashYear,https://slashyear.com/api,Fora do escopo,Base genérica sem necessidade concreta no dashboard pessoal atual.,Somente catálogo
1557,Open Data,Socrata,https://dev.socrata.com/,Fora do escopo,Base genérica sem necessidade concreta no dashboard pessoal atual.,Somente catálogo
1558,Open Data,Statistics of the World,https://statisticsoftheworld.com/api-docs,Fora do escopo,Base genérica sem necessidade concreta no dashboard pessoal atual.,Somente catálogo
1559,Open Data,Teleport,https://developers.teleport.org/,Fora do escopo,Base genérica sem necessidade concreta no dashboard pessoal atual.,Somente catálogo
1560,Open Data,Tilth,https://www.tilth.uk/data,Fora do escopo,Base genérica sem necessidade concreta no dashboard pessoal atual.,Somente catálogo
1561,Open Data,Umeå Open Data,https://opendata.umea.se/api/,Fora do escopo,Base genérica sem necessidade concreta no dashboard pessoal atual.,Somente catálogo
1562,Open Data,Universities List,https://github.com/Hipo/university-domains-list,Fora do escopo,Base genérica sem necessidade concreta no dashboard pessoal atual.,Somente catálogo
1563,Open Data,University of Oslo,https://data.uio.no/,Fora do escopo,Base genérica sem necessidade concreta no dashboard pessoal atual.,Somente catálogo
1564,Open Data,UPC database,https://upcdatabase.org/api,Fora do escopo,Base genérica sem necessidade concreta no dashboard pessoal atual.,Somente catálogo
1565,Open Data,Urban Observatory,https://urbanobservatory.ac.uk,Fora do escopo,Base genérica sem necessidade concreta no dashboard pessoal atual.,Somente catálogo
1566,Open Data,Voidly,https://voidly.ai/api-docs,Fora do escopo,Base genérica sem necessidade concreta no dashboard pessoal atual.,Somente catálogo
1567,Open Data,Warnely,https://warnely.com/developers,Fora do escopo,Base genérica sem necessidade concreta no dashboard pessoal atual.,Somente catálogo
1568,Open Data,Wikidata,https://www.wikidata.org/w/api.php?action=help,Fora do escopo,Base genérica sem necessidade concreta no dashboard pessoal atual.,Somente catálogo
1569,Open Data,Wikipedia,https://www.mediawiki.org/wiki/API:Main_page,Fora do escopo,Base genérica sem necessidade concreta no dashboard pessoal atual.,Somente catálogo
1570,Open Data,Yelp,https://www.yelp.com/developers/documentation/v3,Fora do escopo,Base genérica sem necessidade concreta no dashboard pessoal atual.,Somente catálogo
1578,Open Source Projects,Countly,https://api.count.ly/reference,Fora do escopo,Serviço auxiliar sem requisito de integração; stack e gráficos já definidos.,Somente catálogo
1579,Open Source Projects,Creative Commons Catalog,https://api.creativecommons.engineering/,Fora do escopo,Serviço auxiliar sem requisito de integração; stack e gráficos já definidos.,Somente catálogo
1580,Open Source Projects,Datamuse,https://www.datamuse.com/api/,Fora do escopo,Serviço auxiliar sem requisito de integração; stack e gráficos já definidos.,Somente catálogo
1581,Open Source Projects,Drupal.org,https://www.drupal.org/drupalorg/docs/api,Fora do escopo,Serviço auxiliar sem requisito de integração; stack e gráficos já definidos.,Somente catálogo
1582,Open Source Projects,Evil Insult Generator,https://evilinsult.com/api,Fora do escopo,Serviço auxiliar sem requisito de integração; stack e gráficos já definidos.,Somente catálogo
1583,Open Source Projects,GitHub Contribution Chart Generator,https://github-contributions.vercel.app,Fora do escopo,Serviço auxiliar sem requisito de integração; stack e gráficos já definidos.,Somente catálogo
1584,Open Source Projects,GitHub ReadMe Stats,https://github.com/anuraghazra/github-readme-stats,Fora do escopo,Serviço auxiliar sem requisito de integração; stack e gráficos já definidos.,Somente catálogo
1585,Open Source Projects,Libraries.io,https://libraries.io/api,Fora do escopo,Serviço auxiliar sem requisito de integração; stack e gráficos já definidos.,Somente catálogo
1586,Open Source Projects,Metabase,https://www.metabase.com/,Fora do escopo,Serviço auxiliar sem requisito de integração; stack e gráficos já definidos.,Somente catálogo
1587,Open Source Projects,Shields,https://shields.io/,Fora do escopo,Serviço auxiliar sem requisito de integração; stack e gráficos já definidos.,Somente catálogo
1595,Patent,EPO,https://developers.epo.org/,Fora do escopo,"Conteúdo desta categoria não atende a cadastro, contas, categorias, lançamentos ou dashboard pessoal.",Somente catálogo
1596,Patent,PatentsView ,https://patentsview.org/apis/purpose,Fora do escopo,"Conteúdo desta categoria não atende a cadastro, contas, categorias, lançamentos ou dashboard pessoal.",Somente catálogo
1597,Patent,TIPO,https://tiponet.tipo.gov.tw/Gazette/OpenData/OD/OD05.aspx?QryDS=API00,Fora do escopo,"Conteúdo desta categoria não atende a cadastro, contas, categorias, lançamentos ou dashboard pessoal.",Somente catálogo
1598,Patent,USPTO,https://www.uspto.gov/learning-and-resources/open-data-and-mobility,Fora do escopo,"Conteúdo desta categoria não atende a cadastro, contas, categorias, lançamentos ou dashboard pessoal.",Somente catálogo
1606,Personality,Advice Slip,http://api.adviceslip.com/,Fora do escopo,"Conteúdo desta categoria não atende a cadastro, contas, categorias, lançamentos ou dashboard pessoal.",Somente catálogo
1607,Personality,AstroWay,https://api.astroway.info/docs/,Fora do escopo,"Conteúdo desta categoria não atende a cadastro, contas, categorias, lançamentos ou dashboard pessoal.",Somente catálogo
1608,Personality,Biriyani As A Service,https://biriyani.anoram.com/,Fora do escopo,"Conteúdo desta categoria não atende a cadastro, contas, categorias, lançamentos ou dashboard pessoal.",Somente catálogo
1609,Personality,Dev.to,https://developers.forem.com/api,Fora do escopo,"Conteúdo desta categoria não atende a cadastro, contas, categorias, lançamentos ou dashboard pessoal.",Somente catálogo
1610,Personality,Dictum,https://github.com/fisenkodv/dictum,Fora do escopo,"Conteúdo desta categoria não atende a cadastro, contas, categorias, lançamentos ou dashboard pessoal.",Somente catálogo
1611,Personality,FavQs.com,https://favqs.com/api,Fora do escopo,"Conteúdo desta categoria não atende a cadastro, contas, categorias, lançamentos ou dashboard pessoal.",Somente catálogo
1612,Personality,FOAAS,http://www.foaas.com/,Fora do escopo,"Conteúdo desta categoria não atende a cadastro, contas, categorias, lançamentos ou dashboard pessoal.",Somente catálogo
1613,Personality,Forismatic,http://forismatic.com/en/api/,Fora do escopo,"Conteúdo desta categoria não atende a cadastro, contas, categorias, lançamentos ou dashboard pessoal.",Somente catálogo
1614,Personality,icanhazdadjoke,https://icanhazdadjoke.com/api,Fora do escopo,"Conteúdo desta categoria não atende a cadastro, contas, categorias, lançamentos ou dashboard pessoal.",Somente catálogo
1615,Personality,Inspiration,https://inspiration.goprogram.ai/docs/,Fora do escopo,"Conteúdo desta categoria não atende a cadastro, contas, categorias, lançamentos ou dashboard pessoal.",Somente catálogo
1616,Personality,kanye.rest,https://kanye.rest,Fora do escopo,"Conteúdo desta categoria não atende a cadastro, contas, categorias, lançamentos ou dashboard pessoal.",Somente catálogo
1617,Personality,kimiquotes,https://kimiquotes.herokuapp.com/doc,Fora do escopo,"Conteúdo desta categoria não atende a cadastro, contas, categorias, lançamentos ou dashboard pessoal.",Somente catálogo
1618,Personality,Medium,https://github.com/Medium/medium-api-docs,Fora do escopo,"Conteúdo desta categoria não atende a cadastro, contas, categorias, lançamentos ou dashboard pessoal.",Somente catálogo
1619,Personality,Personality.fyi,https://personality.fyi/api,Fora do escopo,"Conteúdo desta categoria não atende a cadastro, contas, categorias, lançamentos ou dashboard pessoal.",Somente catálogo
1620,Personality,Programming Quotes,https://github.com/skolakoda/programming-quotes-api,Fora do escopo,"Conteúdo desta categoria não atende a cadastro, contas, categorias, lançamentos ou dashboard pessoal.",Somente catálogo
1621,Personality,Quotable Quotes,https://github.com/lukePeavey/quotable,Fora do escopo,"Conteúdo desta categoria não atende a cadastro, contas, categorias, lançamentos ou dashboard pessoal.",Somente catálogo
1622,Personality,Quote Garden,https://pprathameshmore.github.io/QuoteGarden/,Fora do escopo,"Conteúdo desta categoria não atende a cadastro, contas, categorias, lançamentos ou dashboard pessoal.",Somente catálogo
1623,Personality,quoteclear,https://quoteclear.web.app/,Fora do escopo,"Conteúdo desta categoria não atende a cadastro, contas, categorias, lançamentos ou dashboard pessoal.",Somente catálogo
1624,Personality,Quotes on Design,https://quotesondesign.com/api/,Fora do escopo,"Conteúdo desta categoria não atende a cadastro, contas, categorias, lançamentos ou dashboard pessoal.",Somente catálogo
1625,Personality,Stoicism Quote,https://github.com/tlcheah2/stoic-quote-lambda-public-api,Fora do escopo,"Conteúdo desta categoria não atende a cadastro, contas, categorias, lançamentos ou dashboard pessoal.",Somente catálogo
1626,Personality,They Said So Quotes,https://theysaidso.com/api/,Fora do escopo,"Conteúdo desta categoria não atende a cadastro, contas, categorias, lançamentos ou dashboard pessoal.",Somente catálogo
1627,Personality,Traitify,https://app.traitify.com/developer,Fora do escopo,"Conteúdo desta categoria não atende a cadastro, contas, categorias, lançamentos ou dashboard pessoal.",Somente catálogo
1628,Personality,Udemy(instructor),https://www.udemy.com/developers/instructor/,Fora do escopo,"Conteúdo desta categoria não atende a cadastro, contas, categorias, lançamentos ou dashboard pessoal.",Somente catálogo
1629,Personality,Vadivelu HTTP Codes,https://vadivelu.anoram.com/,Fora do escopo,"Conteúdo desta categoria não atende a cadastro, contas, categorias, lançamentos ou dashboard pessoal.",Somente catálogo
1630,Personality,Zen Quotes,https://zenquotes.io/,Fora do escopo,"Conteúdo desta categoria não atende a cadastro, contas, categorias, lançamentos ou dashboard pessoal.",Somente catálogo
1638,Phone,Numlookup,https://numlookupapi.com,Fora do escopo,Cadastro não exige telefone; evitar campo e serviço adicionais.,Somente catálogo
1639,Phone,Numverify,https://numverify.com?utm_source=Github&utm_medium=Referral&utm_campaign=Public-apis-repo-Best-sellers,Fora do escopo,Cadastro não exige telefone; evitar campo e serviço adicionais.,Somente catálogo
1640,Phone,Cloudmersive Validate,https://cloudmersive.com/phone-number-validation-API,Fora do escopo,Cadastro não exige telefone; evitar campo e serviço adicionais.,Somente catálogo
1641,Phone,Phone Specification,https://github.com/azharimm/phone-specs-api,Fora do escopo,Cadastro não exige telefone; evitar campo e serviço adicionais.,Somente catálogo
1642,Phone,Phone Validation,https://www.abstractapi.com/phone-validation-api,Fora do escopo,Cadastro não exige telefone; evitar campo e serviço adicionais.,Somente catálogo
1643,Phone,Veriphone,https://veriphone.io,Fora do escopo,Cadastro não exige telefone; evitar campo e serviço adicionais.,Somente catálogo
1644,Phone,VeriRoute Intel,https://verirouteintel.com,Fora do escopo,Cadastro não exige telefone; evitar campo e serviço adicionais.,Somente catálogo
1652,Photography,Screenshotlayer,https://screenshotlayer.com?utm_source=Github&utm_medium=Referral&utm_campaign=Public-apis-repo-Best-sellers,Fora do escopo,"Conteúdo desta categoria não atende a cadastro, contas, categorias, lançamentos ou dashboard pessoal.",Somente catálogo
1653,Photography,APITemplate.io,https://apitemplate.io,Fora do escopo,"Conteúdo desta categoria não atende a cadastro, contas, categorias, lançamentos ou dashboard pessoal.",Somente catálogo
1654,Photography,Bruzu,https://docs.bruzu.com,Fora do escopo,"Conteúdo desta categoria não atende a cadastro, contas, categorias, lançamentos ou dashboard pessoal.",Somente catálogo
1655,Photography,CheetahO,https://cheetaho.com/docs/getting-started/,Fora do escopo,"Conteúdo desta categoria não atende a cadastro, contas, categorias, lançamentos ou dashboard pessoal.",Somente catálogo
1656,Photography,Dagpi,https://dagpi.xyz,Fora do escopo,"Conteúdo desta categoria não atende a cadastro, contas, categorias, lançamentos ou dashboard pessoal.",Somente catálogo
1657,Photography,Duply,https://duply.co/docs#getting-started-api,Fora do escopo,"Conteúdo desta categoria não atende a cadastro, contas, categorias, lançamentos ou dashboard pessoal.",Somente catálogo
1658,Photography,DynaPictures,https://dynapictures.com/docs/,Fora do escopo,"Conteúdo desta categoria não atende a cadastro, contas, categorias, lançamentos ou dashboard pessoal.",Somente catálogo
1659,Photography,Flickr,https://www.flickr.com/services/api/,Fora do escopo,"Conteúdo desta categoria não atende a cadastro, contas, categorias, lançamentos ou dashboard pessoal.",Somente catálogo
1660,Photography,Getty Images,http://developers.gettyimages.com/en/,Fora do escopo,"Conteúdo desta categoria não atende a cadastro, contas, categorias, lançamentos ou dashboard pessoal.",Somente catálogo
1661,Photography,Gfycat,https://developers.gfycat.com/api/,Fora do escopo,"Conteúdo desta categoria não atende a cadastro, contas, categorias, lançamentos ou dashboard pessoal.",Somente catálogo
1662,Photography,Giphy,https://developers.giphy.com/docs/,Fora do escopo,"Conteúdo desta categoria não atende a cadastro, contas, categorias, lançamentos ou dashboard pessoal.",Somente catálogo
1663,Photography,Google Photos,https://developers.google.com/photos,Fora do escopo,"Conteúdo desta categoria não atende a cadastro, contas, categorias, lançamentos ou dashboard pessoal.",Somente catálogo
1664,Photography,Image Upload,https://apilayer.com/marketplace/image_upload-api,Fora do escopo,"Conteúdo desta categoria não atende a cadastro, contas, categorias, lançamentos ou dashboard pessoal.",Somente catálogo
1665,Photography,Imgur,https://apidocs.imgur.com/,Fora do escopo,"Conteúdo desta categoria não atende a cadastro, contas, categorias, lançamentos ou dashboard pessoal.",Somente catálogo
1666,Photography,Imsea,https://imsea.herokuapp.com/,Fora do escopo,"Conteúdo desta categoria não atende a cadastro, contas, categorias, lançamentos ou dashboard pessoal.",Somente catálogo
1667,Photography,Lorem Picsum,https://picsum.photos/,Fora do escopo,"Conteúdo desta categoria não atende a cadastro, contas, categorias, lançamentos ou dashboard pessoal.",Somente catálogo
1668,Photography,ObjectCut,https://objectcut.com/,Fora do escopo,"Conteúdo desta categoria não atende a cadastro, contas, categorias, lançamentos ou dashboard pessoal.",Somente catálogo
1669,Photography,Pexafy,https://docs.pexafy.com,Fora do escopo,"Conteúdo desta categoria não atende a cadastro, contas, categorias, lançamentos ou dashboard pessoal.",Somente catálogo
1670,Photography,Pexels,https://www.pexels.com/api/,Fora do escopo,"Conteúdo desta categoria não atende a cadastro, contas, categorias, lançamentos ou dashboard pessoal.",Somente catálogo
1671,Photography,PhotoRoom,https://www.photoroom.com/api/,Fora do escopo,"Conteúdo desta categoria não atende a cadastro, contas, categorias, lançamentos ou dashboard pessoal.",Somente catálogo
1672,Photography,Pixabay,https://pixabay.com/sk/service/about/api/,Fora do escopo,"Conteúdo desta categoria não atende a cadastro, contas, categorias, lançamentos ou dashboard pessoal.",Somente catálogo
1673,Photography,PlaceKeanu,https://placekeanu.com/,Fora do escopo,"Conteúdo desta categoria não atende a cadastro, contas, categorias, lançamentos ou dashboard pessoal.",Somente catálogo
1674,Photography,Readme typing SVG,https://github.com/DenverCoder1/readme-typing-svg,Fora do escopo,"Conteúdo desta categoria não atende a cadastro, contas, categorias, lançamentos ou dashboard pessoal.",Somente catálogo
1675,Photography,Remove.bg,https://www.remove.bg/api,Fora do escopo,"Conteúdo desta categoria não atende a cadastro, contas, categorias, lançamentos ou dashboard pessoal.",Somente catálogo
1676,Photography,ReSmush.it,https://resmush.it/api,Fora do escopo,"Conteúdo desta categoria não atende a cadastro, contas, categorias, lançamentos ou dashboard pessoal.",Somente catálogo
1677,Photography,Screenshot Studio,https://www.screenshot-studio.com/docs,Fora do escopo,"Conteúdo desta categoria não atende a cadastro, contas, categorias, lançamentos ou dashboard pessoal.",Somente catálogo
1678,Photography,shutterstock,https://api-reference.shutterstock.com/,Fora do escopo,"Conteúdo desta categoria não atende a cadastro, contas, categorias, lançamentos ou dashboard pessoal.",Somente catálogo
1679,Photography,Sirv,https://apidocs.sirv.com/,Fora do escopo,"Conteúdo desta categoria não atende a cadastro, contas, categorias, lançamentos ou dashboard pessoal.",Somente catálogo
1680,Photography,Tinify.dev,https://tinify.dev/developers,Fora do escopo,"Conteúdo desta categoria não atende a cadastro, contas, categorias, lançamentos ou dashboard pessoal.",Somente catálogo
1681,Photography,Unsplash,https://unsplash.com/developers,Fora do escopo,"Conteúdo desta categoria não atende a cadastro, contas, categorias, lançamentos ou dashboard pessoal.",Somente catálogo
1682,Photography,Wallhaven,https://wallhaven.cc/help/api,Fora do escopo,"Conteúdo desta categoria não atende a cadastro, contas, categorias, lançamentos ou dashboard pessoal.",Somente catálogo
1683,Photography,Webdam,https://www.damsuccess.com/hc/en-us/articles/202134055-REST-API,Fora do escopo,"Conteúdo desta categoria não atende a cadastro, contas, categorias, lançamentos ou dashboard pessoal.",Somente catálogo
1691,Programming,Codeforces,https://codeforces.com/apiHelp,Fora do escopo,"Conteúdo desta categoria não atende a cadastro, contas, categorias, lançamentos ou dashboard pessoal.",Somente catálogo
1692,Programming,Hackerearth,https://www.hackerearth.com/docs/wiki/developers/v4/,Fora do escopo,"Conteúdo desta categoria não atende a cadastro, contas, categorias, lançamentos ou dashboard pessoal.",Somente catálogo
1693,Programming,Judge0 CE,https://ce.judge0.com/,Fora do escopo,"Conteúdo desta categoria não atende a cadastro, contas, categorias, lançamentos ou dashboard pessoal.",Somente catálogo
1694,Programming,KONTESTS,https://kontests.net/api,Fora do escopo,"Conteúdo desta categoria não atende a cadastro, contas, categorias, lançamentos ou dashboard pessoal.",Somente catálogo
1695,Programming,Mintlify,https://docs.mintlify.com,Fora do escopo,"Conteúdo desta categoria não atende a cadastro, contas, categorias, lançamentos ou dashboard pessoal.",Somente catálogo
1703,Science & Math,arcsecond.io,https://api.arcsecond.io/,Fora do escopo,Cálculos pessoais devem ser locais e decimais; dados científicos não têm requisito atual.,Somente catálogo
1704,Science & Math,arXiv,https://arxiv.org/help/api/user-manual,Fora do escopo,Cálculos pessoais devem ser locais e decimais; dados científicos não têm requisito atual.,Somente catálogo
1705,Science & Math,CodeCogs,https://editor.codecogs.com/docs/4-LaTeX_rendering.php,Fora do escopo,Cálculos pessoais devem ser locais e decimais; dados científicos não têm requisito atual.,Somente catálogo
1706,Science & Math,CORE,https://core.ac.uk/services#api,Fora do escopo,Cálculos pessoais devem ser locais e decimais; dados científicos não têm requisito atual.,Somente catálogo
1707,Science & Math,CycleCalcs,https://www.cyclecalcs.com/api.html,Fora do escopo,Cálculos pessoais devem ser locais e decimais; dados científicos não têm requisito atual.,Somente catálogo
1708,Science & Math,Europe PMC,https://europepmc.org/RestfulWebService,Fora do escopo,Cálculos pessoais devem ser locais e decimais; dados científicos não têm requisito atual.,Somente catálogo
1709,Science & Math,GBIF,https://www.gbif.org/developer/summary,Fora do escopo,Cálculos pessoais devem ser locais e decimais; dados científicos não têm requisito atual.,Somente catálogo
1710,Science & Math,iDigBio,https://github.com/idigbio/idigbio-search-api/wiki,Fora do escopo,Cálculos pessoais devem ser locais e decimais; dados científicos não têm requisito atual.,Somente catálogo
1711,Science & Math,inspirehep.net,https://github.com/inspirehep/rest-api-doc,Fora do escopo,Cálculos pessoais devem ser locais e decimais; dados científicos não têm requisito atual.,Somente catálogo
1712,Science & Math,isEven (humor),https://isevenapi.xyz/,Fora do escopo,Cálculos pessoais devem ser locais e decimais; dados científicos não têm requisito atual.,Somente catálogo
1713,Science & Math,ISRO,https://isro.vercel.app,Fora do escopo,Cálculos pessoais devem ser locais e decimais; dados científicos não têm requisito atual.,Somente catálogo
1714,Science & Math,ITIS,https://www.itis.gov/ws_description.html,Fora do escopo,Cálculos pessoais devem ser locais e decimais; dados científicos não têm requisito atual.,Somente catálogo
1715,Science & Math,Launch Library 2,https://thespacedevs.com/llapi,Fora do escopo,Cálculos pessoais devem ser locais e decimais; dados científicos não têm requisito atual.,Somente catálogo
1716,Science & Math,Materials Platform for Data Science,https://mpds.io,Fora do escopo,Cálculos pessoais devem ser locais e decimais; dados científicos não têm requisito atual.,Somente catálogo
1717,Science & Math,Minor Planet Center,http://www.asterank.com/mpc,Fora do escopo,Cálculos pessoais devem ser locais e decimais; dados científicos não têm requisito atual.,Somente catálogo
1718,Science & Math,NASA,https://api.nasa.gov,Fora do escopo,Cálculos pessoais devem ser locais e decimais; dados científicos não têm requisito atual.,Somente catálogo
1719,Science & Math,NASA InSight,https://api.nasa.gov/,Fora do escopo,Cálculos pessoais devem ser locais e decimais; dados científicos não têm requisito atual.,Somente catálogo
1720,Science & Math,NASA ADS,https://ui.adsabs.harvard.edu/help/api/api-docs.html,Fora do escopo,Cálculos pessoais devem ser locais e decimais; dados científicos não têm requisito atual.,Somente catálogo
1721,Science & Math,Newton,https://newton.vercel.app,Fora do escopo,Cálculos pessoais devem ser locais e decimais; dados científicos não têm requisito atual.,Somente catálogo
1722,Science & Math,Noctua,https://api.noctuasky.com/api/v1/swaggerdoc/,Fora do escopo,Cálculos pessoais devem ser locais e decimais; dados científicos não têm requisito atual.,Somente catálogo
1723,Science & Math,Numbers,https://math.tools/api/numbers/,Fora do escopo,Cálculos pessoais devem ser locais e decimais; dados científicos não têm requisito atual.,Somente catálogo
1724,Science & Math,Numbers,http://numbersapi.com,Fora do escopo,Cálculos pessoais devem ser locais e decimais; dados científicos não têm requisito atual.,Somente catálogo
1725,Science & Math,Ocean Facts,https://oceanfacts.herokuapp.com/,Fora do escopo,Cálculos pessoais devem ser locais e decimais; dados científicos não têm requisito atual.,Somente catálogo
1726,Science & Math,Open Notify,http://open-notify.org/Open-Notify-API/,Fora do escopo,Cálculos pessoais devem ser locais e decimais; dados científicos não têm requisito atual.,Somente catálogo
1727,Science & Math,Open Science Framework,https://developer.osf.io,Fora do escopo,Cálculos pessoais devem ser locais e decimais; dados científicos não têm requisito atual.,Somente catálogo
1728,Science & Math,OpenAlex,https://docs.openalex.org/,Fora do escopo,Cálculos pessoais devem ser locais e decimais; dados científicos não têm requisito atual.,Somente catálogo
1729,Science & Math,OrbitalWiki,https://orbitalwiki.com/developers,Fora do escopo,Cálculos pessoais devem ser locais e decimais; dados científicos não têm requisito atual.,Somente catálogo
1730,Science & Math,Purple Air,https://www2.purpleair.com/,Fora do escopo,Cálculos pessoais devem ser locais e decimais; dados científicos não têm requisito atual.,Somente catálogo
1731,Science & Math,Remote Calc,https://github.com/elizabethadegbaju/remotecalc,Fora do escopo,Cálculos pessoais devem ser locais e decimais; dados científicos não têm requisito atual.,Somente catálogo
1732,Science & Math,Semantic Scholar,https://api.semanticscholar.org/,Fora do escopo,Cálculos pessoais devem ser locais e decimais; dados científicos não têm requisito atual.,Somente catálogo
1733,Science & Math,SHARE,https://share.osf.io/api/v2/,Fora do escopo,Cálculos pessoais devem ser locais e decimais; dados científicos não têm requisito atual.,Somente catálogo
1734,Science & Math,SpaceX,https://github.com/r-spacex/SpaceX-API,Fora do escopo,Cálculos pessoais devem ser locais e decimais; dados científicos não têm requisito atual.,Somente catálogo
1735,Science & Math,SpaceX,https://api.spacex.land/graphql/,Fora do escopo,Cálculos pessoais devem ser locais e decimais; dados científicos não têm requisito atual.,Somente catálogo
1736,Science & Math,Sunrise and Sunset,https://sunrise-sunset.org/api,Fora do escopo,Cálculos pessoais devem ser locais e decimais; dados científicos não têm requisito atual.,Somente catálogo
1737,Science & Math,Tallytopia,https://tallytopia.com/api-docs,Fora do escopo,Cálculos pessoais devem ser locais e decimais; dados científicos não têm requisito atual.,Somente catálogo
1738,Science & Math,Times Adder,https://github.com/FranP-code/API-Times-Adder,Fora do escopo,Cálculos pessoais devem ser locais e decimais; dados científicos não têm requisito atual.,Somente catálogo
1739,Science & Math,TLE,https://tle.ivanstanojevic.me/#/docs,Fora do escopo,Cálculos pessoais devem ser locais e decimais; dados científicos não têm requisito atual.,Somente catálogo
1740,Science & Math,USGS Earthquake Hazards Program,https://earthquake.usgs.gov/fdsnws/event/1/,Fora do escopo,Cálculos pessoais devem ser locais e decimais; dados científicos não têm requisito atual.,Somente catálogo
1741,Science & Math,USGS Water Services,https://waterservices.usgs.gov/,Fora do escopo,Cálculos pessoais devem ser locais e decimais; dados científicos não têm requisito atual.,Somente catálogo
1742,Science & Math,VedIntel™ AstroAPI,https://vedintelastroapi.com/docs,Fora do escopo,Cálculos pessoais devem ser locais e decimais; dados científicos não têm requisito atual.,Somente catálogo
1743,Science & Math,World Bank,https://datahelpdesk.worldbank.org/knowledgebase/topics/125589,Fora do escopo,Cálculos pessoais devem ser locais e decimais; dados científicos não têm requisito atual.,Somente catálogo
1744,Science & Math,xMath,https://x-math.herokuapp.com/,Fora do escopo,Cálculos pessoais devem ser locais e decimais; dados científicos não têm requisito atual.,Somente catálogo
1752,Security,Application Environment Verification,https://github.com/fingerprintjs/aev,Fora do escopo,Ferramenta especializada sem requisito atual de integração; não substitui sessão e propriedade.,Somente catálogo
1753,Security,BinaryEdge,https://docs.binaryedge.io/api-v2.html,Fora do escopo,Ferramenta especializada sem requisito atual de integração; não substitui sessão e propriedade.,Somente catálogo
1754,Security,BitWarden,https://bitwarden.com/help/api/,Fora do escopo,Ferramenta especializada sem requisito atual de integração; não substitui sessão e propriedade.,Somente catálogo
1755,Security,Botd,https://github.com/fingerprintjs/botd,Fora do escopo,Ferramenta especializada sem requisito atual de integração; não substitui sessão e propriedade.,Somente catálogo
1756,Security,Bugcrowd,https://docs.bugcrowd.com/api/getting-started/,Fora do escopo,Ferramenta especializada sem requisito atual de integração; não substitui sessão e propriedade.,Somente catálogo
1757,Security,Censys,https://search.censys.io/api,Fora do escopo,Ferramenta especializada sem requisito atual de integração; não substitui sessão e propriedade.,Somente catálogo
1758,Security,Classify,https://classify-web.herokuapp.com/#/api,Não selecionar,Criptografia de dados privados deve permanecer na infraestrutura controlada.,Somente catálogo
1759,Security,Complete Criminal Checks,https://completecriminalchecks.com/Developers,Fora do escopo,Ferramenta especializada sem requisito atual de integração; não substitui sessão e propriedade.,Somente catálogo
1760,Security,CRXcavator,https://crxcavator.io/apidocs,Fora do escopo,Ferramenta especializada sem requisito atual de integração; não substitui sessão e propriedade.,Somente catálogo
1761,Security,CSR.plus,https://csr.plus/docs/api,Fora do escopo,Ferramenta especializada sem requisito atual de integração; não substitui sessão e propriedade.,Somente catálogo
1762,Security,dead-drop,https://api.dead-drop.xyz/api/v1/docs,Fora do escopo,Ferramenta especializada sem requisito atual de integração; não substitui sessão e propriedade.,Somente catálogo
1763,Security,Dehash.lt,https://github.com/Dehash-lt/api,Fora do escopo,Ferramenta especializada sem requisito atual de integração; não substitui sessão e propriedade.,Somente catálogo
1764,Security,Domain Intelligence,https://oti-labs.com/domain-intelligence-api,Fora do escopo,Ferramenta especializada sem requisito atual de integração; não substitui sessão e propriedade.,Somente catálogo
1765,Security,EmailRep,https://docs.emailrep.io/,Fora do escopo,Ferramenta especializada sem requisito atual de integração; não substitui sessão e propriedade.,Somente catálogo
1766,Security,Escape,https://github.com/polarspetroll/EscapeAPI,Fora do escopo,Ferramenta especializada sem requisito atual de integração; não substitui sessão e propriedade.,Somente catálogo
1767,Security,FilterLists,https://filterlists.com,Fora do escopo,Ferramenta especializada sem requisito atual de integração; não substitui sessão e propriedade.,Somente catálogo
1768,Security,FingerprintJS Pro,https://dev.fingerprintjs.com/docs,Fora do escopo,Ferramenta especializada sem requisito atual de integração; não substitui sessão e propriedade.,Somente catálogo
1769,Security,FOFA,https://en.fofa.info/api,Fora do escopo,Ferramenta especializada sem requisito atual de integração; não substitui sessão e propriedade.,Somente catálogo
1770,Security,FraudLabs Pro,https://www.fraudlabspro.com/developer/api/screen-order,Fora do escopo,Ferramenta especializada sem requisito atual de integração; não substitui sessão e propriedade.,Somente catálogo
1771,Security,FullHunt,https://api-docs.fullhunt.io/#introduction,Fora do escopo,Ferramenta especializada sem requisito atual de integração; não substitui sessão e propriedade.,Somente catálogo
1772,Security,GitGuardian,https://api.gitguardian.com/doc,Fora do escopo,Ferramenta especializada sem requisito atual de integração; não substitui sessão e propriedade.,Somente catálogo
1773,Security,GreyNoise,https://docs.greynoise.io/reference/get_v3-community-ip,Fora do escopo,Ferramenta especializada sem requisito atual de integração; não substitui sessão e propriedade.,Somente catálogo
1774,Security,HackerOne,https://api.hackerone.com/,Fora do escopo,Ferramenta especializada sem requisito atual de integração; não substitui sessão e propriedade.,Somente catálogo
1775,Security,Hashable,https://hashable.space/pages/api/,Não selecionar,Operações criptográficas não precisam enviar segredos a APIs externas.,Somente catálogo
1776,Security,Hybrid Analysis,https://www.hybrid-analysis.com/docs/api/v2,Fora do escopo,Ferramenta especializada sem requisito atual de integração; não substitui sessão e propriedade.,Somente catálogo
1777,Security,HaveIBeenPwned,https://haveibeenpwned.com/API/v3,Prioridade segurança,Selecionar somente Pwned Passwords por prefixo de hash; complemento ao Better Auth.,Documentação oficial
1778,Security,Intelligence X,https://github.com/IntelligenceX/SDK/blob/master/Intelligence%20X%20API.pdf,Fora do escopo,Ferramenta especializada sem requisito atual de integração; não substitui sessão e propriedade.,Somente catálogo
1779,Security,IPLogs,https://iplogs.com/docs,Fora do escopo,Ferramenta especializada sem requisito atual de integração; não substitui sessão e propriedade.,Somente catálogo
1780,Security,LoginRadius,https://www.loginradius.com/docs/,Fora do escopo,Ferramenta especializada sem requisito atual de integração; não substitui sessão e propriedade.,Somente catálogo
1781,Security,Microsoft Security Response Center (MSRC),https://msrc.microsoft.com/report/developer,Fora do escopo,Ferramenta especializada sem requisito atual de integração; não substitui sessão e propriedade.,Somente catálogo
1782,Security,Mozilla http scanner,https://github.com/mozilla/http-observatory/blob/master/httpobs/docs/api.md,Fora do escopo,Ferramenta especializada sem requisito atual de integração; não substitui sessão e propriedade.,Somente catálogo
1783,Security,Mozilla tls scanner,https://github.com/mozilla/tls-observatory#api-endpoints,Fora do escopo,Ferramenta especializada sem requisito atual de integração; não substitui sessão e propriedade.,Somente catálogo
1784,Security,National Vulnerability Database,https://nvd.nist.gov/vuln/Data-Feeds/JSON-feed-changelog,Fora do escopo,Ferramenta especializada sem requisito atual de integração; não substitui sessão e propriedade.,Somente catálogo
1785,Security,Neetix Liveliness,https://liveliness.neetix.in/api-reference,Fora do escopo,Ferramenta especializada sem requisito atual de integração; não substitui sessão e propriedade.,Somente catálogo
1786,Security,Passwordinator,https://github.com/fawazsullia/password-generator/,Não selecionar,Geração de senhas deve usar recursos locais apropriados.,Somente catálogo
1787,Security,PhishStats,https://phishstats.info/,Fora do escopo,Ferramenta especializada sem requisito atual de integração; não substitui sessão e propriedade.,Somente catálogo
1788,Security,Privacy.com,https://privacy.com/developer/docs,Fora do escopo,Ferramenta especializada sem requisito atual de integração; não substitui sessão e propriedade.,Somente catálogo
1789,Security,Pulsedive,https://pulsedive.com/api/,Fora do escopo,Ferramenta especializada sem requisito atual de integração; não substitui sessão e propriedade.,Somente catálogo
1790,Security,SecurityTrails,https://securitytrails.com/corp/apidocs,Fora do escopo,Ferramenta especializada sem requisito atual de integração; não substitui sessão e propriedade.,Somente catálogo
1791,Security,Shodan,https://developer.shodan.io/,Fora do escopo,Ferramenta especializada sem requisito atual de integração; não substitui sessão e propriedade.,Somente catálogo
1792,Security,Spyse,https://spyse-dev.readme.io/reference/quick-start,Fora do escopo,Ferramenta especializada sem requisito atual de integração; não substitui sessão e propriedade.,Somente catálogo
1793,Security,SSL Domain Health Check,https://rapidapi.com/goktugbk/api/ssl-domain-health-check,Fora do escopo,Ferramenta especializada sem requisito atual de integração; não substitui sessão e propriedade.,Somente catálogo
1794,Security,SSL Labs,https://github.com/ssllabs/ssllabs-scan/blob/master/ssllabs-api-docs-v3.md,Fora do escopo,Ferramenta especializada sem requisito atual de integração; não substitui sessão e propriedade.,Somente catálogo
1795,Security,Threat Jammer,https://threatjammer.com/docs/index,Fora do escopo,Ferramenta especializada sem requisito atual de integração; não substitui sessão e propriedade.,Somente catálogo
1796,Security,UK Police,https://data.police.uk/docs/,Fora do escopo,Ferramenta especializada sem requisito atual de integração; não substitui sessão e propriedade.,Somente catálogo
1797,Security,URLhaus,https://urlhaus.abuse.ch/api/,Fora do escopo,Ferramenta especializada sem requisito atual de integração; não substitui sessão e propriedade.,Somente catálogo
1798,Security,Virushee,https://api.virushee.com/,Fora do escopo,Ferramenta especializada sem requisito atual de integração; não substitui sessão e propriedade.,Somente catálogo
1799,Security,VulDB,https://vuldb.com/?doc.api,Fora do escopo,Ferramenta especializada sem requisito atual de integração; não substitui sessão e propriedade.,Somente catálogo
1807,Shopping,Best Buy,https://bestbuyapis.github.io/api-documentation/#overview,Fora do escopo,"Conteúdo desta categoria não atende a cadastro, contas, categorias, lançamentos ou dashboard pessoal.",Somente catálogo
1808,Shopping,BuyWhere,https://buywhere.ai,Fora do escopo,"Conteúdo desta categoria não atende a cadastro, contas, categorias, lançamentos ou dashboard pessoal.",Somente catálogo
1809,Shopping,Digi-Key,https://www.digikey.com/en/resources/api-solutions,Fora do escopo,"Conteúdo desta categoria não atende a cadastro, contas, categorias, lançamentos ou dashboard pessoal.",Somente catálogo
1810,Shopping,Descripio Amazon Reviews,https://docs.descripio.com,Fora do escopo,"Conteúdo desta categoria não atende a cadastro, contas, categorias, lançamentos ou dashboard pessoal.",Somente catálogo
1811,Shopping,Dummy Products,https://dummyproducts-api.herokuapp.com/,Fora do escopo,"Conteúdo desta categoria não atende a cadastro, contas, categorias, lançamentos ou dashboard pessoal.",Somente catálogo
1812,Shopping,eBay,https://developer.ebay.com/,Fora do escopo,"Conteúdo desta categoria não atende a cadastro, contas, categorias, lançamentos ou dashboard pessoal.",Somente catálogo
1813,Shopping,Etsy,https://www.etsy.com/developers/documentation/getting_started/api_basics,Fora do escopo,"Conteúdo desta categoria não atende a cadastro, contas, categorias, lançamentos ou dashboard pessoal.",Somente catálogo
1814,Shopping,Flipkart Marketplace,https://seller.flipkart.com/api-docs/FMSAPI.html,Fora do escopo,"Conteúdo desta categoria não atende a cadastro, contas, categorias, lançamentos ou dashboard pessoal.",Somente catálogo
1815,Shopping,Lazada,https://open.lazada.com/doc/doc.htm,Fora do escopo,"Conteúdo desta categoria não atende a cadastro, contas, categorias, lançamentos ou dashboard pessoal.",Somente catálogo
1816,Shopping,Marketplace Fee Data,https://www.sellerscalc.com/data,Fora do escopo,"Conteúdo desta categoria não atende a cadastro, contas, categorias, lançamentos ou dashboard pessoal.",Somente catálogo
1817,Shopping,Mercadolibre,https://developers.mercadolibre.cl/es_ar/api-docs-es,Fora do escopo,"Conteúdo desta categoria não atende a cadastro, contas, categorias, lançamentos ou dashboard pessoal.",Somente catálogo
1818,Shopping,Octopart,https://octopart.com/api/v4/reference,Fora do escopo,"Conteúdo desta categoria não atende a cadastro, contas, categorias, lançamentos ou dashboard pessoal.",Somente catálogo
1819,Shopping,OLX Poland,https://developer.olx.pl/api/doc#section/,Fora do escopo,"Conteúdo desta categoria não atende a cadastro, contas, categorias, lançamentos ou dashboard pessoal.",Somente catálogo
1820,Shopping,Rappi,https://dev-portal.rappi.com/,Fora do escopo,"Conteúdo desta categoria não atende a cadastro, contas, categorias, lançamentos ou dashboard pessoal.",Somente catálogo
1821,Shopping,Shopee,https://open.shopee.com/documents?version=1,Fora do escopo,"Conteúdo desta categoria não atende a cadastro, contas, categorias, lançamentos ou dashboard pessoal.",Somente catálogo
1822,Shopping,Sparepilot,https://sparepilot.com/developers,Fora do escopo,"Conteúdo desta categoria não atende a cadastro, contas, categorias, lançamentos ou dashboard pessoal.",Somente catálogo
1823,Shopping,Tokopedia,https://developer.tokopedia.com/openapi/guide/#/,Fora do escopo,"Conteúdo desta categoria não atende a cadastro, contas, categorias, lançamentos ou dashboard pessoal.",Somente catálogo
1824,Shopping,WooCommerce,https://woocommerce.github.io/woocommerce-rest-api-docs/,Fora do escopo,"Conteúdo desta categoria não atende a cadastro, contas, categorias, lançamentos ou dashboard pessoal.",Somente catálogo
1834,Social,4chan,https://github.com/4chan/4chan-API,Fora do escopo,Integração social não é necessária; notificações específicas foram separadas.,Somente catálogo
1835,Social,Ayrshare,https://www.ayrshare.com,Fora do escopo,Integração social não é necessária; notificações específicas foram separadas.,Somente catálogo
1836,Social,aztro,https://aztro.sameerkumar.website/,Fora do escopo,Integração social não é necessária; notificações específicas foram separadas.,Somente catálogo
1837,Social,Blogger,https://developers.google.com/blogger/,Fora do escopo,Integração social não é necessária; notificações específicas foram separadas.,Somente catálogo
1838,Social,Bluesky,https://docs.bsky.app/,Fora do escopo,Integração social não é necessária; notificações específicas foram separadas.,Somente catálogo
1839,Social,Cisco Spark,https://developer.ciscospark.com,Fora do escopo,Integração social não é necessária; notificações específicas foram separadas.,Somente catálogo
1840,Social,Dangerous Discord Database,https://discord.riverside.rocks/docs/index.php,Fora do escopo,Integração social não é necessária; notificações específicas foram separadas.,Somente catálogo
1841,Social,Discord,https://discord.com/developers/docs/intro,Fora do escopo,Integração social não é necessária; notificações específicas foram separadas.,Somente catálogo
1842,Social,Disqus,https://disqus.com/api/docs/auth/,Fora do escopo,Integração social não é necessária; notificações específicas foram separadas.,Somente catálogo
1843,Social,Doge-Meme,https://api.doge-meme.lol/docs,Fora do escopo,Integração social não é necessária; notificações específicas foram separadas.,Somente catálogo
1844,Social,Facebook,https://developers.facebook.com/,Fora do escopo,Integração social não é necessária; notificações específicas foram separadas.,Somente catálogo
1845,Social,Foursquare,https://developer.foursquare.com/,Fora do escopo,Integração social não é necessária; notificações específicas foram separadas.,Somente catálogo
1846,Social,Fuck Off as a Service,https://www.foaas.com,Fora do escopo,Integração social não é necessária; notificações específicas foram separadas.,Somente catálogo
1847,Social,Full Contact,https://docs.fullcontact.com/,Fora do escopo,Integração social não é necessária; notificações específicas foram separadas.,Somente catálogo
1848,Social,GetXAPI,https://www.getxapi.com/,Fora do escopo,Integração social não é necessária; notificações específicas foram separadas.,Somente catálogo
1849,Social,HackerNews,https://github.com/HackerNews/API,Fora do escopo,Integração social não é necessária; notificações específicas foram separadas.,Somente catálogo
1850,Social,Hashnode,https://hashnode.com,Fora do escopo,Integração social não é necessária; notificações específicas foram separadas.,Somente catálogo
1851,Social,Instagram,https://www.instagram.com/developer/,Fora do escopo,Integração social não é necessária; notificações específicas foram separadas.,Somente catálogo
1852,Social,Kakao,https://developers.kakao.com/,Fora do escopo,Integração social não é necessária; notificações específicas foram separadas.,Somente catálogo
1853,Social,Lanyard,https://github.com/Phineas/lanyard,Fora do escopo,Integração social não é necessária; notificações específicas foram separadas.,Somente catálogo
1854,Social,Line,https://developers.line.biz/,Fora do escopo,Integração social não é necessária; notificações específicas foram separadas.,Somente catálogo
1855,Social,LinkedIn,https://docs.microsoft.com/en-us/linkedin/?context=linkedin/context,Fora do escopo,Integração social não é necessária; notificações específicas foram separadas.,Somente catálogo
1856,Social,Meetup.com,https://www.meetup.com/api/guide,Fora do escopo,Integração social não é necessária; notificações específicas foram separadas.,Somente catálogo
1857,Social,Microsoft Graph,https://docs.microsoft.com/en-us/graph/api/overview,Fora do escopo,Integração social não é necessária; notificações específicas foram separadas.,Somente catálogo
1858,Social,NAVER,https://developers.naver.com/main/,Fora do escopo,Integração social não é necessária; notificações específicas foram separadas.,Somente catálogo
1859,Social,Open Collective,https://docs.opencollective.com/help/developers/api,Fora do escopo,Integração social não é necessária; notificações específicas foram separadas.,Somente catálogo
1860,Social,Pinterest,https://developers.pinterest.com/,Fora do escopo,Integração social não é necessária; notificações específicas foram separadas.,Somente catálogo
1861,Social,PostLake,https://postlake.dev/docs/,Fora do escopo,Integração social não é necessária; notificações específicas foram separadas.,Somente catálogo
1862,Social,Postproxy,https://postproxy.dev/getting-started/quickstart/,Fora do escopo,Integração social não é necessária; notificações específicas foram separadas.,Somente catálogo
1863,Social,Product Hunt,https://api.producthunt.com/v2/docs,Fora do escopo,Integração social não é necessária; notificações específicas foram separadas.,Somente catálogo
1864,Social,Publora,https://docs.publora.com,Fora do escopo,Integração social não é necessária; notificações específicas foram separadas.,Somente catálogo
1865,Social,Reddit,https://www.reddit.com/dev/api,Fora do escopo,Integração social não é necessária; notificações específicas foram separadas.,Somente catálogo
1866,Social,RedditAPIs,https://www.redditapis.com/,Fora do escopo,Integração social não é necessária; notificações específicas foram separadas.,Somente catálogo
1867,Social,Revolt,https://developers.revolt.chat/api/,Fora do escopo,Integração social não é necessária; notificações específicas foram separadas.,Somente catálogo
1868,Social,Saidit,https://www.saidit.net/dev/api,Fora do escopo,Integração social não é necessária; notificações específicas foram separadas.,Somente catálogo
1869,Social,Slack,https://api.slack.com/,Fora do escopo,Integração social não é necessária; notificações específicas foram separadas.,Somente catálogo
1870,Social,SocialCrawl,https://www.socialcrawl.dev/docs,Fora do escopo,Integração social não é necessária; notificações específicas foram separadas.,Somente catálogo
1871,Social,SocialSwarm,https://social-swarm-main-aa77a19.zuplo.site,Fora do escopo,Integração social não é necessária; notificações específicas foram separadas.,Somente catálogo
1872,Social,TamTam,https://dev.tamtam.chat/,Fora do escopo,Integração social não é necessária; notificações específicas foram separadas.,Somente catálogo
1873,Social,Telegram Bot,https://core.telegram.org/bots/api,Adiar,Notificações opcionais futuras; não enviar valores ou descrições por padrão.,Somente catálogo
1874,Social,Telegram MTProto,https://core.telegram.org/api#getting-started,Fora do escopo,Integração social não é necessária; notificações específicas foram separadas.,Somente catálogo
1875,Social,Telegraph,https://telegra.ph/api,Fora do escopo,Integração social não é necessária; notificações específicas foram separadas.,Somente catálogo
1876,Social,TikTok,https://developers.tiktok.com/doc/login-kit-web,Fora do escopo,Integração social não é necessária; notificações específicas foram separadas.,Somente catálogo
1877,Social,Trash Nothing,https://trashnothing.com/developer,Fora do escopo,Integração social não é necessária; notificações específicas foram separadas.,Somente catálogo
1878,Social,TrendsMCP,https://www.trendsmcp.ai/docs,Fora do escopo,Integração social não é necessária; notificações específicas foram separadas.,Somente catálogo
1879,Social,Tumblr,https://www.tumblr.com/docs/en/api/v2,Fora do escopo,Integração social não é necessária; notificações específicas foram separadas.,Somente catálogo
1880,Social,TweetAPI,https://tweetapi.com/docs,Fora do escopo,Integração social não é necessária; notificações específicas foram separadas.,Somente catálogo
1881,Social,Twitch,https://dev.twitch.tv/docs,Fora do escopo,Integração social não é necessária; notificações específicas foram separadas.,Somente catálogo
1882,Social,Twitter,https://developer.twitter.com/en/docs,Fora do escopo,Integração social não é necessária; notificações específicas foram separadas.,Somente catálogo
1883,Social,TwitterAPIs,https://www.twitterapis.com/,Fora do escopo,Integração social não é necessária; notificações específicas foram separadas.,Somente catálogo
1884,Social,vk,https://vk.com/dev/sites,Fora do escopo,Integração social não é necessária; notificações específicas foram separadas.,Somente catálogo
1885,Social,xfetch,https://xfetch.io,Fora do escopo,Integração social não é necessária; notificações específicas foram separadas.,Somente catálogo
1886,Social,XFlux,https://www.xfluxapi.com/docs/api,Fora do escopo,Integração social não é necessária; notificações específicas foram separadas.,Somente catálogo
1894,Sports & Fitness,5DollarFootball,https://5dollarfootballapi.com/,Fora do escopo,"Conteúdo desta categoria não atende a cadastro, contas, categorias, lançamentos ou dashboard pessoal.",Somente catálogo
1895,Sports & Fitness,API-FOOTBALL,https://www.api-football.com/documentation-v3,Fora do escopo,"Conteúdo desta categoria não atende a cadastro, contas, categorias, lançamentos ou dashboard pessoal.",Somente catálogo
1896,Sports & Fitness,ApiMedic,https://apimedic.com/,Fora do escopo,"Conteúdo desta categoria não atende a cadastro, contas, categorias, lançamentos ou dashboard pessoal.",Somente catálogo
1897,Sports & Fitness,balldontlie,https://www.balldontlie.io,Fora do escopo,"Conteúdo desta categoria não atende a cadastro, contas, categorias, lançamentos ou dashboard pessoal.",Somente catálogo
1898,Sports & Fitness,Bet Better,https://betbetter.world/api/,Fora do escopo,"Conteúdo desta categoria não atende a cadastro, contas, categorias, lançamentos ou dashboard pessoal.",Somente catálogo
1899,Sports & Fitness,Canadian Football League (CFL),http://api.cfl.ca/,Fora do escopo,"Conteúdo desta categoria não atende a cadastro, contas, categorias, lançamentos ou dashboard pessoal.",Somente catálogo
1900,Sports & Fitness,City Bikes,https://api.citybik.es/v2/,Fora do escopo,"Conteúdo desta categoria não atende a cadastro, contas, categorias, lançamentos ou dashboard pessoal.",Somente catálogo
1901,Sports & Fitness,Cloudbet,https://www.cloudbet.com/api/,Fora do escopo,"Conteúdo desta categoria não atende a cadastro, contas, categorias, lançamentos ou dashboard pessoal.",Somente catálogo
1902,Sports & Fitness,CollegeFootballData.com,https://collegefootballdata.com,Fora do escopo,"Conteúdo desta categoria não atende a cadastro, contas, categorias, lançamentos ou dashboard pessoal.",Somente catálogo
1903,Sports & Fitness,DiscGolf,https://discgolfapi.com/docs/,Fora do escopo,"Conteúdo desta categoria não atende a cadastro, contas, categorias, lançamentos ou dashboard pessoal.",Somente catálogo
1904,Sports & Fitness,Ergast F1,http://ergast.com/mrd/,Fora do escopo,"Conteúdo desta categoria não atende a cadastro, contas, categorias, lançamentos ou dashboard pessoal.",Somente catálogo
1905,Sports & Fitness,Fitbit,https://dev.fitbit.com/,Fora do escopo,"Conteúdo desta categoria não atende a cadastro, contas, categorias, lançamentos ou dashboard pessoal.",Somente catálogo
1906,Sports & Fitness,Football,https://rapidapi.com/GiulianoCrescimbeni/api/football98/,Fora do escopo,"Conteúdo desta categoria não atende a cadastro, contas, categorias, lançamentos ou dashboard pessoal.",Somente catálogo
1907,Sports & Fitness,Football (Soccer) Videos,https://www.scorebat.com/video-api/,Fora do escopo,"Conteúdo desta categoria não atende a cadastro, contas, categorias, lançamentos ou dashboard pessoal.",Somente catálogo
1908,Sports & Fitness,Football Charts,https://www.football-charts.com/developers,Fora do escopo,"Conteúdo desta categoria não atende a cadastro, contas, categorias, lançamentos ou dashboard pessoal.",Somente catálogo
1909,Sports & Fitness,Football Standings,https://github.com/azharimm/football-standings-api,Fora do escopo,"Conteúdo desta categoria não atende a cadastro, contas, categorias, lançamentos ou dashboard pessoal.",Somente catálogo
1910,Sports & Fitness,Football-Data,https://www.football-data.org,Fora do escopo,"Conteúdo desta categoria não atende a cadastro, contas, categorias, lançamentos ou dashboard pessoal.",Somente catálogo
1911,Sports & Fitness,JCDecaux Bike,https://developer.jcdecaux.com/,Fora do escopo,"Conteúdo desta categoria não atende a cadastro, contas, categorias, lançamentos ou dashboard pessoal.",Somente catálogo
1912,Sports & Fitness,Lumify,https://lumify.ai/docs,Fora do escopo,"Conteúdo desta categoria não atende a cadastro, contas, categorias, lançamentos ou dashboard pessoal.",Somente catálogo
1913,Sports & Fitness,MLB Records and Stats,https://appac.github.io/mlb-data-api-docs/,Fora do escopo,"Conteúdo desta categoria não atende a cadastro, contas, categorias, lançamentos ou dashboard pessoal.",Somente catálogo
1914,Sports & Fitness,NBA Data,https://rapidapi.com/api-sports/api/api-nba/,Fora do escopo,"Conteúdo desta categoria não atende a cadastro, contas, categorias, lançamentos ou dashboard pessoal.",Somente catálogo
1915,Sports & Fitness,NBA Stats,https://any-api.com/nba_com/nba_com/docs/API_Description,Fora do escopo,"Conteúdo desta categoria não atende a cadastro, contas, categorias, lançamentos ou dashboard pessoal.",Somente catálogo
1916,Sports & Fitness,NHL Records and Stats,https://gitlab.com/dword4/nhlapi,Fora do escopo,"Conteúdo desta categoria não atende a cadastro, contas, categorias, lançamentos ou dashboard pessoal.",Somente catálogo
1917,Sports & Fitness,Odds-API,https://docs.odds-api.io,Fora do escopo,"Conteúdo desta categoria não atende a cadastro, contas, categorias, lançamentos ou dashboard pessoal.",Somente catálogo
1918,Sports & Fitness,Oddsmagnet,https://data.oddsmagnet.com,Fora do escopo,"Conteúdo desta categoria não atende a cadastro, contas, categorias, lançamentos ou dashboard pessoal.",Somente catálogo
1919,Sports & Fitness,OpenF1,https://openf1.org/,Fora do escopo,"Conteúdo desta categoria não atende a cadastro, contas, categorias, lançamentos ou dashboard pessoal.",Somente catálogo
1920,Sports & Fitness,OpenFoot API,https://openfootapi.com/docs,Fora do escopo,"Conteúdo desta categoria não atende a cadastro, contas, categorias, lançamentos ou dashboard pessoal.",Somente catálogo
1921,Sports & Fitness,OpenLigaDB,https://www.openligadb.de,Fora do escopo,"Conteúdo desta categoria não atende a cadastro, contas, categorias, lançamentos ou dashboard pessoal.",Somente catálogo
1922,Sports & Fitness,Padel Snipe,https://padelsnipe.com/fr/world/api,Fora do escopo,"Conteúdo desta categoria não atende a cadastro, contas, categorias, lançamentos ou dashboard pessoal.",Somente catálogo
1923,Sports & Fitness,PlayerElo,https://playerelo.football/api-access,Fora do escopo,"Conteúdo desta categoria não atende a cadastro, contas, categorias, lançamentos ou dashboard pessoal.",Somente catálogo
1924,Sports & Fitness,Premier League Standings ,https://rapidapi.com/heisenbug/api/premier-league-live-scores/,Fora do escopo,"Conteúdo desta categoria não atende a cadastro, contas, categorias, lançamentos ou dashboard pessoal.",Somente catálogo
1925,Sports & Fitness,PropLine,https://prop-line.com,Fora do escopo,"Conteúdo desta categoria não atende a cadastro, contas, categorias, lançamentos ou dashboard pessoal.",Somente catálogo
1926,Sports & Fitness,RacingHub,https://racinghub.net/api/v1/docs#/,Fora do escopo,"Conteúdo desta categoria não atende a cadastro, contas, categorias, lançamentos ou dashboard pessoal.",Somente catálogo
1927,Sports & Fitness,Sport Data,https://sportdataapi.com,Fora do escopo,"Conteúdo desta categoria não atende a cadastro, contas, categorias, lançamentos ou dashboard pessoal.",Somente catálogo
1928,Sports & Fitness,Sport List & Data,https://developers.decathlon.com/products/sports,Fora do escopo,"Conteúdo desta categoria não atende a cadastro, contas, categorias, lançamentos ou dashboard pessoal.",Somente catálogo
1929,Sports & Fitness,Sport Places,https://developers.decathlon.com/products/sport-places,Fora do escopo,"Conteúdo desta categoria não atende a cadastro, contas, categorias, lançamentos ou dashboard pessoal.",Somente catálogo
1930,Sports & Fitness,Sport Vision,https://developers.decathlon.com/products/sport-vision,Fora do escopo,"Conteúdo desta categoria não atende a cadastro, contas, categorias, lançamentos ou dashboard pessoal.",Somente catálogo
1931,Sports & Fitness,SportScore,https://sportscore.com/developers/,Fora do escopo,"Conteúdo desta categoria não atende a cadastro, contas, categorias, lançamentos ou dashboard pessoal.",Somente catálogo
1932,Sports & Fitness,Sportmonks Cricket,https://docs.sportmonks.com/cricket/,Fora do escopo,"Conteúdo desta categoria não atende a cadastro, contas, categorias, lançamentos ou dashboard pessoal.",Somente catálogo
1933,Sports & Fitness,Sportmonks Football,https://docs.sportmonks.com/football/,Fora do escopo,"Conteúdo desta categoria não atende a cadastro, contas, categorias, lançamentos ou dashboard pessoal.",Somente catálogo
1934,Sports & Fitness,Squiggle,https://api.squiggle.com.au,Fora do escopo,"Conteúdo desta categoria não atende a cadastro, contas, categorias, lançamentos ou dashboard pessoal.",Somente catálogo
1935,Sports & Fitness,Strava,https://strava.github.io/api/,Fora do escopo,"Conteúdo desta categoria não atende a cadastro, contas, categorias, lançamentos ou dashboard pessoal.",Somente catálogo
1936,Sports & Fitness,SuredBits,https://suredbits.com/api/,Fora do escopo,"Conteúdo desta categoria não atende a cadastro, contas, categorias, lançamentos ou dashboard pessoal.",Somente catálogo
1937,Sports & Fitness,TheRundown,https://therundown.io/,Fora do escopo,"Conteúdo desta categoria não atende a cadastro, contas, categorias, lançamentos ou dashboard pessoal.",Somente catálogo
1938,Sports & Fitness,TheSportsDB,https://www.thesportsdb.com/api.php,Fora do escopo,"Conteúdo desta categoria não atende a cadastro, contas, categorias, lançamentos ou dashboard pessoal.",Somente catálogo
1939,Sports & Fitness,TourneyRadar,https://tourneyradar-api.vercel.app,Fora do escopo,"Conteúdo desta categoria não atende a cadastro, contas, categorias, lançamentos ou dashboard pessoal.",Somente catálogo
1940,Sports & Fitness,Tredict,https://www.tredict.com/blog/oauth_docs/,Fora do escopo,"Conteúdo desta categoria não atende a cadastro, contas, categorias, lançamentos ou dashboard pessoal.",Somente catálogo
1941,Sports & Fitness,Wger,https://wger.de/en/software/api,Fora do escopo,"Conteúdo desta categoria não atende a cadastro, contas, categorias, lançamentos ou dashboard pessoal.",Somente catálogo
1949,Test Data,AddressMock,https://addressmock.com/api,Fora do escopo,Preferir fixtures locais determinísticas e sem dados fictícios persistentes.,Somente catálogo
1950,Test Data,Bacon Ipsum,https://baconipsum.com/json-api/,Fora do escopo,Preferir fixtures locais determinísticas e sem dados fictícios persistentes.,Somente catálogo
1951,Test Data,Dicebear Avatars,https://avatars.dicebear.com/,Fora do escopo,Preferir fixtures locais determinísticas e sem dados fictícios persistentes.,Somente catálogo
1952,Test Data,DummyJSON,https://dummyjson.com/,Fora do escopo,Preferir fixtures locais determinísticas e sem dados fictícios persistentes.,Somente catálogo
1953,Test Data,English Random Words,https://random-words-api.vercel.app/word,Fora do escopo,Preferir fixtures locais determinísticas e sem dados fictícios persistentes.,Somente catálogo
1954,Test Data,FakeJSON,https://fakejson.com,Fora do escopo,Preferir fixtures locais determinísticas e sem dados fictícios persistentes.,Somente catálogo
1955,Test Data,FakerAPI,https://fakerapi.it/en,Fora do escopo,Preferir fixtures locais determinísticas e sem dados fictícios persistentes.,Somente catálogo
1956,Test Data,FakeStoreAPI,https://fakestoreapi.com/,Fora do escopo,Preferir fixtures locais determinísticas e sem dados fictícios persistentes.,Somente catálogo
1957,Test Data,flaky,https://flakyapi.dev,Fora do escopo,Preferir fixtures locais determinísticas e sem dados fictícios persistentes.,Somente catálogo
1958,Test Data,GeneradorDNI,https://api.generadordni.es,Fora do escopo,Preferir fixtures locais determinísticas e sem dados fictícios persistentes.,Somente catálogo
1959,Test Data,ItsThisForThat,https://itsthisforthat.com/api.php,Fora do escopo,Preferir fixtures locais determinísticas e sem dados fictícios persistentes.,Somente catálogo
1960,Test Data,JsonFabrica,https://jsonfabrica.com/docs/api-reference,Fora do escopo,Preferir fixtures locais determinísticas e sem dados fictícios persistentes.,Somente catálogo
1961,Test Data,JSONPlaceholder,http://jsonplaceholder.typicode.com/,Fora do escopo,Preferir fixtures locais determinísticas e sem dados fictícios persistentes.,Somente catálogo
1962,Test Data,Loripsum,http://loripsum.net/,Fora do escopo,Preferir fixtures locais determinísticas e sem dados fictícios persistentes.,Somente catálogo
1963,Test Data,Mailsac,https://mailsac.com/docs/api,Fora do escopo,Preferir fixtures locais determinísticas e sem dados fictícios persistentes.,Somente catálogo
1964,Test Data,Metaphorsum,http://metaphorpsum.com/,Fora do escopo,Preferir fixtures locais determinísticas e sem dados fictícios persistentes.,Somente catálogo
1965,Test Data,Mockaroo,https://www.mockaroo.com/docs,Fora do escopo,Preferir fixtures locais determinísticas e sem dados fictícios persistentes.,Somente catálogo
1966,Test Data,QuickMocker,https://quickmocker.com,Fora do escopo,Preferir fixtures locais determinísticas e sem dados fictícios persistentes.,Somente catálogo
1967,Test Data,Random Data,https://random-data-api.com,Fora do escopo,Preferir fixtures locais determinísticas e sem dados fictícios persistentes.,Somente catálogo
1968,Test Data,Randommer,https://randommer.io/randommer-api,Fora do escopo,Preferir fixtures locais determinísticas e sem dados fictícios persistentes.,Somente catálogo
1969,Test Data,RandomUser,https://randomuser.me,Fora do escopo,Preferir fixtures locais determinísticas e sem dados fictícios persistentes.,Somente catálogo
1970,Test Data,restful-api,https://restful-api.dev,Fora do escopo,Preferir fixtures locais determinísticas e sem dados fictícios persistentes.,Somente catálogo
1971,Test Data,RoboHash,https://robohash.org/,Fora do escopo,Preferir fixtures locais determinísticas e sem dados fictícios persistentes.,Somente catálogo
1972,Test Data,Spanish random names,https://random-names-api.herokuapp.com/public,Fora do escopo,Preferir fixtures locais determinísticas e sem dados fictícios persistentes.,Somente catálogo
1973,Test Data,Spanish random words,https://palabras-aleatorias-public-api.herokuapp.com,Fora do escopo,Preferir fixtures locais determinísticas e sem dados fictícios persistentes.,Somente catálogo
1974,Test Data,This Person Does not Exist,https://thispersondoesnotexist.com,Fora do escopo,Preferir fixtures locais determinísticas e sem dados fictícios persistentes.,Somente catálogo
1975,Test Data,Toolcarton,https://testimonialapi.toolcarton.com/,Fora do escopo,Preferir fixtures locais determinísticas e sem dados fictícios persistentes.,Somente catálogo
1976,Test Data,TotalShiftLeft Sandbox,https://demo.totalshiftleft.ai/,Fora do escopo,Preferir fixtures locais determinísticas e sem dados fictícios persistentes.,Somente catálogo
1977,Test Data,UUID Generator,https://www.uuidtools.com/docs,Fora do escopo,Preferir fixtures locais determinísticas e sem dados fictícios persistentes.,Somente catálogo
1978,Test Data,What The Commit,http://whatthecommit.com/index.txt,Fora do escopo,Preferir fixtures locais determinísticas e sem dados fictícios persistentes.,Somente catálogo
1979,Test Data,Yes No,https://yesno.wtf/api,Fora do escopo,Preferir fixtures locais determinísticas e sem dados fictícios persistentes.,Somente catálogo
1987,Text Analysis,Code Detection,https://codedetectionapi.runtime.dev,Fora do escopo,Processamento externo de texto não é necessário à classificação manual atual.,Somente catálogo
1988,Text Analysis,apilayer languagelayer,https://languagelayer.com/,Fora do escopo,Processamento externo de texto não é necessário à classificação manual atual.,Somente catálogo
1989,Text Analysis,Aylien Text Analysis,https://docs.aylien.com/textapi/#getting-started,Fora do escopo,Processamento externo de texto não é necessário à classificação manual atual.,Somente catálogo
1990,Text Analysis,Audexum,https://audexum.com/docs,Fora do escopo,Processamento externo de texto não é necessário à classificação manual atual.,Somente catálogo
1991,Text Analysis,Cloudmersive Natural Language Processing,https://www.cloudmersive.com/nlp-api,Fora do escopo,Processamento externo de texto não é necessário à classificação manual atual.,Somente catálogo
1992,Text Analysis,Detect Language,https://detectlanguage.com/,Fora do escopo,Processamento externo de texto não é necessário à classificação manual atual.,Somente catálogo
1993,Text Analysis,ELI,https://nlp.insightera.co.th/docs/v1.0,Fora do escopo,Processamento externo de texto não é necessário à classificação manual atual.,Somente catálogo
1994,Text Analysis,Google Cloud Natural,https://cloud.google.com/natural-language/docs/,Fora do escopo,Processamento externo de texto não é necessário à classificação manual atual.,Somente catálogo
1995,Text Analysis,GeoScore,https://geoscoreapi.com,Fora do escopo,Processamento externo de texto não é necessário à classificação manual atual.,Somente catálogo
1996,Text Analysis,Hirak OCR,https://ocr.hirak.site/,Fora do escopo,Processamento externo de texto não é necessário à classificação manual atual.,Somente catálogo
1997,Text Analysis,Hirak Translation,https://translate.hirak.site/,Fora do escopo,Processamento externo de texto não é necessário à classificação manual atual.,Somente catálogo
1998,Text Analysis,Kiprio Translate,https://kiprio.com/v1/translate,Fora do escopo,Processamento externo de texto não é necessário à classificação manual atual.,Somente catálogo
1999,Text Analysis,Langbly,https://langbly.com/docs,Fora do escopo,Processamento externo de texto não é necessário à classificação manual atual.,Somente catálogo
2000,Text Analysis,Lecto Translation,https://rapidapi.com/lecto-lecto-default/api/lecto-translation/,Fora do escopo,Processamento externo de texto não é necessário à classificação manual atual.,Somente catálogo
2001,Text Analysis,LibreTranslate,https://libretranslate.com/docs,Fora do escopo,Processamento externo de texto não é necessário à classificação manual atual.,Somente catálogo
2002,Text Analysis,Semantria,https://semantria.readme.io/docs,Fora do escopo,Processamento externo de texto não é necessário à classificação manual atual.,Somente catálogo
2003,Text Analysis,Sentiment Analysis,https://www.meaningcloud.com/developer/sentiment-analysis,Fora do escopo,Processamento externo de texto não é necessário à classificação manual atual.,Somente catálogo
2004,Text Analysis,Tisane,https://tisane.ai/,Fora do escopo,Processamento externo de texto não é necessário à classificação manual atual.,Somente catálogo
2005,Text Analysis,ToHuman,https://tohuman.io/ai-humanizer-api,Fora do escopo,Processamento externo de texto não é necessário à classificação manual atual.,Somente catálogo
2006,Text Analysis,Watson Natural Language Understanding,https://cloud.ibm.com/apidocs/natural-language-understanding/natural-language-understanding,Fora do escopo,Processamento externo de texto não é necessário à classificação manual atual.,Somente catálogo
2014,Tracking,Aftership,https://developers.aftership.com/reference/quick-start,Fora do escopo,"Conteúdo desta categoria não atende a cadastro, contas, categorias, lançamentos ou dashboard pessoal.",Somente catálogo
2015,Tracking,Correios,https://cws.correios.com.br/ajuda,Fora do escopo,"Conteúdo desta categoria não atende a cadastro, contas, categorias, lançamentos ou dashboard pessoal.",Somente catálogo
2016,Tracking,Mapbox,https://docs.mapbox.com/api/,Fora do escopo,"Conteúdo desta categoria não atende a cadastro, contas, categorias, lançamentos ou dashboard pessoal.",Somente catálogo
2017,Tracking,Pixela,https://pixe.la,Fora do escopo,"Conteúdo desta categoria não atende a cadastro, contas, categorias, lançamentos ou dashboard pessoal.",Somente catálogo
2018,Tracking,PostalPinCode,http://www.postalpincode.in/Api-Details,Fora do escopo,"Conteúdo desta categoria não atende a cadastro, contas, categorias, lançamentos ou dashboard pessoal.",Somente catálogo
2019,Tracking,Postmon,http://postmon.com.br,Fora do escopo,"Conteúdo desta categoria não atende a cadastro, contas, categorias, lançamentos ou dashboard pessoal.",Somente catálogo
2020,Tracking,PostNord,https://developer.postnord.com/api,Fora do escopo,"Conteúdo desta categoria não atende a cadastro, contas, categorias, lançamentos ou dashboard pessoal.",Somente catálogo
2021,Tracking,UPS,https://www.ups.com/upsdeveloperkit,Fora do escopo,"Conteúdo desta categoria não atende a cadastro, contas, categorias, lançamentos ou dashboard pessoal.",Somente catálogo
2022,Tracking,WeCanTrack,https://docs.wecantrack.com,Fora do escopo,"Conteúdo desta categoria não atende a cadastro, contas, categorias, lançamentos ou dashboard pessoal.",Somente catálogo
2023,Tracking,WhatPulse,https://developer.whatpulse.org/#web-api,Fora do escopo,"Conteúdo desta categoria não atende a cadastro, contas, categorias, lançamentos ou dashboard pessoal.",Somente catálogo
2024,Tracking,WhereParcel,https://whereparcel.com/docs,Fora do escopo,"Conteúdo desta categoria não atende a cadastro, contas, categorias, lançamentos ou dashboard pessoal.",Somente catálogo
2032,Transportation,ADS-B Exchange,https://www.adsbexchange.com/data/,Fora do escopo,"Conteúdo desta categoria não atende a cadastro, contas, categorias, lançamentos ou dashboard pessoal.",Somente catálogo
2033,Transportation,airportsapi,https://airport-web.appspot.com/api/docs/,Fora do escopo,"Conteúdo desta categoria não atende a cadastro, contas, categorias, lançamentos ou dashboard pessoal.",Somente catálogo
2034,Transportation,AIS Hub,http://www.aishub.net/api,Fora do escopo,"Conteúdo desta categoria não atende a cadastro, contas, categorias, lançamentos ou dashboard pessoal.",Somente catálogo
2035,Transportation,Amadeus for Developers,https://developers.amadeus.com/self-service,Fora do escopo,"Conteúdo desta categoria não atende a cadastro, contas, categorias, lançamentos ou dashboard pessoal.",Somente catálogo
2036,Transportation,apilayer aviationstack,https://aviationstack.com/,Fora do escopo,"Conteúdo desta categoria não atende a cadastro, contas, categorias, lançamentos ou dashboard pessoal.",Somente catálogo
2037,Transportation,Apimetro,https://apimetro.dev/swagger/index.html,Fora do escopo,"Conteúdo desta categoria não atende a cadastro, contas, categorias, lançamentos ou dashboard pessoal.",Somente catálogo
2038,Transportation,Aviation Safety Data,https://himaxym.com/developers,Fora do escopo,"Conteúdo desta categoria não atende a cadastro, contas, categorias, lançamentos ou dashboard pessoal.",Somente catálogo
2039,Transportation,AviationAPI,https://docs.aviationapi.com,Fora do escopo,"Conteúdo desta categoria não atende a cadastro, contas, categorias, lançamentos ou dashboard pessoal.",Somente catálogo
2040,Transportation,AZ511,https://www.az511.com/developers/doc,Fora do escopo,"Conteúdo desta categoria não atende a cadastro, contas, categorias, lançamentos ou dashboard pessoal.",Somente catálogo
2041,Transportation,Bay Area Rapid Transit,http://api.bart.gov,Fora do escopo,"Conteúdo desta categoria não atende a cadastro, contas, categorias, lançamentos ou dashboard pessoal.",Somente catálogo
2042,Transportation,BC Ferries,https://www.bcferriesapi.ca,Fora do escopo,"Conteúdo desta categoria não atende a cadastro, contas, categorias, lançamentos ou dashboard pessoal.",Somente catálogo
2043,Transportation,BIC-Boxtech,https://docs.bic-boxtech.org/,Fora do escopo,"Conteúdo desta categoria não atende a cadastro, contas, categorias, lançamentos ou dashboard pessoal.",Somente catálogo
2044,Transportation,BlaBlaCar,https://dev.blablacar.com,Fora do escopo,"Conteúdo desta categoria não atende a cadastro, contas, categorias, lançamentos ou dashboard pessoal.",Somente catálogo
2045,Transportation,Boston MBTA Transit,https://www.mbta.com/developers/v3-api,Fora do escopo,"Conteúdo desta categoria não atende a cadastro, contas, categorias, lançamentos ou dashboard pessoal.",Somente catálogo
2046,Transportation,Can I enter,https://canienter.com,Fora do escopo,"Conteúdo desta categoria não atende a cadastro, contas, categorias, lançamentos ou dashboard pessoal.",Somente catálogo
2047,Transportation,Community Transit,https://github.com/transitland/transitland-datastore/blob/master/README.md#api-endpoints,Fora do escopo,"Conteúdo desta categoria não atende a cadastro, contas, categorias, lançamentos ou dashboard pessoal.",Somente catálogo
2048,Transportation,Compare Flight Prices,https://rapidapi.com/obryan-software-obryan-software-default/api/compare-flight-prices/,Fora do escopo,"Conteúdo desta categoria não atende a cadastro, contas, categorias, lançamentos ou dashboard pessoal.",Somente catálogo
2049,Transportation,CruiseFeed,https://cruisefeed.io,Fora do escopo,"Conteúdo desta categoria não atende a cadastro, contas, categorias, lançamentos ou dashboard pessoal.",Somente catálogo
2050,Transportation,CTS,https://api.cts-strasbourg.eu/,Fora do escopo,"Conteúdo desta categoria não atende a cadastro, contas, categorias, lançamentos ou dashboard pessoal.",Somente catálogo
2051,Transportation,FAA N-Number Registry,https://n-number.starfile.org/api,Fora do escopo,"Conteúdo desta categoria não atende a cadastro, contas, categorias, lançamentos ou dashboard pessoal.",Somente catálogo
2052,Transportation,Grab,https://developer.grab.com/docs/,Fora do escopo,"Conteúdo desta categoria não atende a cadastro, contas, categorias, lançamentos ou dashboard pessoal.",Somente catálogo
2053,Transportation,GraphHopper,https://docs.graphhopper.com/,Fora do escopo,"Conteúdo desta categoria não atende a cadastro, contas, categorias, lançamentos ou dashboard pessoal.",Somente catálogo
2054,Transportation,Icelandic APIs,http://docs.apis.is/,Fora do escopo,"Conteúdo desta categoria não atende a cadastro, contas, categorias, lançamentos ou dashboard pessoal.",Somente catálogo
2055,Transportation,Impala Hotel Bookings,https://docs.impala.travel/docs/booking-api/,Fora do escopo,"Conteúdo desta categoria não atende a cadastro, contas, categorias, lançamentos ou dashboard pessoal.",Somente catálogo
2056,Transportation,Izi,http://api-docs.izi.travel/,Fora do escopo,"Conteúdo desta categoria não atende a cadastro, contas, categorias, lançamentos ou dashboard pessoal.",Somente catálogo
2057,Transportation,"Land Transport Authority DataMall, Singapore",https://datamall.lta.gov.sg/content/dam/datamall/datasets/LTA_DataMall_API_User_Guide.pdf,Fora do escopo,"Conteúdo desta categoria não atende a cadastro, contas, categorias, lançamentos ou dashboard pessoal.",Somente catálogo
2058,Transportation,LiveTrafficCam,https://bzsasson.github.io/traffic-camera-sources/api.html,Fora do escopo,"Conteúdo desta categoria não atende a cadastro, contas, categorias, lançamentos ou dashboard pessoal.",Somente catálogo
2059,Transportation,Metro Lisboa,http://app.metrolisboa.pt/status/getLinhas.php,Fora do escopo,"Conteúdo desta categoria não atende a cadastro, contas, categorias, lançamentos ou dashboard pessoal.",Somente catálogo
2060,Transportation,Navitia,https://doc.navitia.io/,Fora do escopo,"Conteúdo desta categoria não atende a cadastro, contas, categorias, lançamentos ou dashboard pessoal.",Somente catálogo
2061,Transportation,Open Charge Map,https://openchargemap.org/site/develop/api,Fora do escopo,"Conteúdo desta categoria não atende a cadastro, contas, categorias, lançamentos ou dashboard pessoal.",Somente catálogo
2062,Transportation,Orizn Visa,https://visa.orizn.app,Fora do escopo,"Conteúdo desta categoria não atende a cadastro, contas, categorias, lançamentos ou dashboard pessoal.",Somente catálogo
2063,Transportation,OpenSky Network,https://opensky-network.org/apidoc/index.html,Fora do escopo,"Conteúdo desta categoria não atende a cadastro, contas, categorias, lançamentos ou dashboard pessoal.",Somente catálogo
2064,Transportation,OpenVan,https://openvan.camp/docs,Fora do escopo,"Conteúdo desta categoria não atende a cadastro, contas, categorias, lançamentos ou dashboard pessoal.",Somente catálogo
2065,Transportation,Railway Transport for France,https://www.digital.sncf.com/startup/api,Fora do escopo,"Conteúdo desta categoria não atende a cadastro, contas, categorias, lançamentos ou dashboard pessoal.",Somente catálogo
2066,Transportation,REFUGE Restrooms,https://www.refugerestrooms.org/api/docs/#!/restrooms,Fora do escopo,"Conteúdo desta categoria não atende a cadastro, contas, categorias, lançamentos ou dashboard pessoal.",Somente catálogo
2067,Transportation,Road511,https://road511.com/docs.html,Fora do escopo,"Conteúdo desta categoria não atende a cadastro, contas, categorias, lançamentos ou dashboard pessoal.",Somente catálogo
2068,Transportation,Sabre for Developers,https://developer.sabre.com/guides/travel-agency/quickstart/getting-started-in-travel,Fora do escopo,"Conteúdo desta categoria não atende a cadastro, contas, categorias, lançamentos ou dashboard pessoal.",Somente catálogo
2069,Transportation,Schiphol Airport,https://developer.schiphol.nl/,Fora do escopo,"Conteúdo desta categoria não atende a cadastro, contas, categorias, lançamentos ou dashboard pessoal.",Somente catálogo
2070,Transportation,Strait of Hormuz Ship Monitor,https://hormuz.data-tracking.net/llms.txt,Fora do escopo,"Conteúdo desta categoria não atende a cadastro, contas, categorias, lançamentos ou dashboard pessoal.",Somente catálogo
2071,Transportation,Tankerkoenig,https://creativecommons.tankerkoenig.de/swagger/,Fora do escopo,"Conteúdo desta categoria não atende a cadastro, contas, categorias, lançamentos ou dashboard pessoal.",Somente catálogo
2072,Transportation,TransitLand,https://www.transit.land/documentation/datastore/api-endpoints.html,Fora do escopo,"Conteúdo desta categoria não atende a cadastro, contas, categorias, lançamentos ou dashboard pessoal.",Somente catálogo
2073,Transportation,"Transport for Atlanta, US",http://www.itsmarta.com/app-developer-resources.aspx,Fora do escopo,"Conteúdo desta categoria não atende a cadastro, contas, categorias, lançamentos ou dashboard pessoal.",Somente catálogo
2074,Transportation,"Transport for Auckland, New Zealand",https://dev-portal.at.govt.nz/,Fora do escopo,"Conteúdo desta categoria não atende a cadastro, contas, categorias, lançamentos ou dashboard pessoal.",Somente catálogo
2075,Transportation,Transport for Belgium,https://docs.irail.be/,Fora do escopo,"Conteúdo desta categoria não atende a cadastro, contas, categorias, lançamentos ou dashboard pessoal.",Somente catálogo
2076,Transportation,"Transport for Berlin, Germany",https://github.com/derhuerst/vbb-rest/blob/3/docs/index.md,Fora do escopo,"Conteúdo desta categoria não atende a cadastro, contas, categorias, lançamentos ou dashboard pessoal.",Somente catálogo
2077,Transportation,"Transport for Bordeaux, France",https://opendata.bordeaux-metropole.fr/explore/,Fora do escopo,"Conteúdo desta categoria não atende a cadastro, contas, categorias, lançamentos ou dashboard pessoal.",Somente catálogo
2078,Transportation,"Transport for Budapest, Hungary",https://bkkfutar.docs.apiary.io,Fora do escopo,"Conteúdo desta categoria não atende a cadastro, contas, categorias, lançamentos ou dashboard pessoal.",Somente catálogo
2079,Transportation,"Transport for Chicago, US",http://www.transitchicago.com/developers/,Fora do escopo,"Conteúdo desta categoria não atende a cadastro, contas, categorias, lançamentos ou dashboard pessoal.",Somente catálogo
2080,Transportation,Transport for Czech Republic,https://www.chaps.cz/eng/products/idos-internet,Fora do escopo,"Conteúdo desta categoria não atende a cadastro, contas, categorias, lançamentos ou dashboard pessoal.",Somente catálogo
2081,Transportation,"Transport for Denver, US",http://www.rtd-denver.com/gtfs-developer-guide.shtml,Fora do escopo,"Conteúdo desta categoria não atende a cadastro, contas, categorias, lançamentos ou dashboard pessoal.",Somente catálogo
2082,Transportation,Transport for Finland,https://digitransit.fi/en/developers/,Fora do escopo,"Conteúdo desta categoria não atende a cadastro, contas, categorias, lançamentos ou dashboard pessoal.",Somente catálogo
2083,Transportation,Transport for Germany,http://data.deutschebahn.com/dataset/api-fahrplan,Fora do escopo,"Conteúdo desta categoria não atende a cadastro, contas, categorias, lançamentos ou dashboard pessoal.",Somente catálogo
2084,Transportation,"Transport for Grenoble, France",https://www.mobilites-m.fr/pages/opendata/OpenDataApi.html,Fora do escopo,"Conteúdo desta categoria não atende a cadastro, contas, categorias, lançamentos ou dashboard pessoal.",Somente catálogo
2085,Transportation,"Transport for Hessen, Germany",https://opendata.rmv.de/site/start.html,Fora do escopo,"Conteúdo desta categoria não atende a cadastro, contas, categorias, lançamentos ou dashboard pessoal.",Somente catálogo
2086,Transportation,"Transport for Honolulu, US",http://hea.thebus.org/api_info.asp,Fora do escopo,"Conteúdo desta categoria não atende a cadastro, contas, categorias, lançamentos ou dashboard pessoal.",Somente catálogo
2087,Transportation,"Transport for Lisbon, Portugal",https://emel.city-platform.com/opendata/,Fora do escopo,"Conteúdo desta categoria não atende a cadastro, contas, categorias, lançamentos ou dashboard pessoal.",Somente catálogo
2088,Transportation,"Transport for London, England",https://api.tfl.gov.uk,Fora do escopo,"Conteúdo desta categoria não atende a cadastro, contas, categorias, lançamentos ou dashboard pessoal.",Somente catálogo
2089,Transportation,"Transport for Los Angeles, US",https://developer.metro.net/api/,Fora do escopo,"Conteúdo desta categoria não atende a cadastro, contas, categorias, lançamentos ou dashboard pessoal.",Somente catálogo
2090,Transportation,"Transport for Manchester, England",https://developer.tfgm.com/,Fora do escopo,"Conteúdo desta categoria não atende a cadastro, contas, categorias, lançamentos ou dashboard pessoal.",Somente catálogo
2091,Transportation,Transport for Norway,https://developer.entur.org/,Fora do escopo,"Conteúdo desta categoria não atende a cadastro, contas, categorias, lançamentos ou dashboard pessoal.",Somente catálogo
2092,Transportation,"Transport for Ottawa, Canada",https://www.octranspo.com/en/plan-your-trip/travel-tools/developers,Fora do escopo,"Conteúdo desta categoria não atende a cadastro, contas, categorias, lançamentos ou dashboard pessoal.",Somente catálogo
2093,Transportation,"Transport for Paris, France",http://data.ratp.fr/api/v1/console/datasets/1.0/search/,Fora do escopo,"Conteúdo desta categoria não atende a cadastro, contas, categorias, lançamentos ou dashboard pessoal.",Somente catálogo
2094,Transportation,"Transport for Philadelphia, US",http://www3.septa.org/hackathon/,Fora do escopo,"Conteúdo desta categoria não atende a cadastro, contas, categorias, lançamentos ou dashboard pessoal.",Somente catálogo
2095,Transportation,"Transport for Sao Paulo, Brazil",http://www.sptrans.com.br/desenvolvedores/api-do-olho-vivo-guia-de-referencia/documentacao-api/,Fora do escopo,"Conteúdo desta categoria não atende a cadastro, contas, categorias, lançamentos ou dashboard pessoal.",Somente catálogo
2096,Transportation,Transport for Spain,https://data.renfe.com/api/1/util/snippet/api_info.html?resource_id=a2368cff-1562-4dde-8466-9635ea3a572a,Fora do escopo,"Conteúdo desta categoria não atende a cadastro, contas, categorias, lançamentos ou dashboard pessoal.",Somente catálogo
2097,Transportation,Transport for Sweden,https://www.trafiklab.se/api,Fora do escopo,"Conteúdo desta categoria não atende a cadastro, contas, categorias, lançamentos ou dashboard pessoal.",Somente catálogo
2098,Transportation,Transport for Switzerland,https://opentransportdata.swiss/en/,Fora do escopo,"Conteúdo desta categoria não atende a cadastro, contas, categorias, lançamentos ou dashboard pessoal.",Somente catálogo
2099,Transportation,Transport for Switzerland,https://transport.opendata.ch/,Fora do escopo,"Conteúdo desta categoria não atende a cadastro, contas, categorias, lançamentos ou dashboard pessoal.",Somente catálogo
2100,Transportation,Transport for The Netherlands,http://www.ns.nl/reisinformatie/ns-api,Fora do escopo,"Conteúdo desta categoria não atende a cadastro, contas, categorias, lançamentos ou dashboard pessoal.",Somente catálogo
2101,Transportation,Transport for The Netherlands,https://github.com/skywave/KV78Turbo-OVAPI/wiki,Fora do escopo,"Conteúdo desta categoria não atende a cadastro, contas, categorias, lançamentos ou dashboard pessoal.",Somente catálogo
2102,Transportation,"Transport for Toronto, Canada",https://myttc.ca/developers,Fora do escopo,"Conteúdo desta categoria não atende a cadastro, contas, categorias, lançamentos ou dashboard pessoal.",Somente catálogo
2103,Transportation,Transport for UK,https://developer.transportapi.com,Fora do escopo,"Conteúdo desta categoria não atende a cadastro, contas, categorias, lançamentos ou dashboard pessoal.",Somente catálogo
2104,Transportation,Transport for United States,https://retro.umoiq.com/xmlFeedDocs/NextBusXMLFeed.pdf,Fora do escopo,"Conteúdo desta categoria não atende a cadastro, contas, categorias, lançamentos ou dashboard pessoal.",Somente catálogo
2105,Transportation,"Transport for Vancouver, Canada",https://developer.translink.ca/,Fora do escopo,"Conteúdo desta categoria não atende a cadastro, contas, categorias, lançamentos ou dashboard pessoal.",Somente catálogo
2106,Transportation,"Transport for Washington, US",https://developer.wmata.com/,Fora do escopo,"Conteúdo desta categoria não atende a cadastro, contas, categorias, lançamentos ou dashboard pessoal.",Somente catálogo
2107,Transportation,transport.rest,https://transport.rest,Fora do escopo,"Conteúdo desta categoria não atende a cadastro, contas, categorias, lançamentos ou dashboard pessoal.",Somente catálogo
2108,Transportation,Tripadvisor,https://developer-tripadvisor.com/home/,Fora do escopo,"Conteúdo desta categoria não atende a cadastro, contas, categorias, lançamentos ou dashboard pessoal.",Somente catálogo
2109,Transportation,Uber,https://developer.uber.com/products,Fora do escopo,"Conteúdo desta categoria não atende a cadastro, contas, categorias, lançamentos ou dashboard pessoal.",Somente catálogo
2110,Transportation,"Velib metropolis, Paris, France",https://www.velib-metropole.fr/donnees-open-data-gbfs-du-service-velib-metropole,Fora do escopo,"Conteúdo desta categoria não atende a cadastro, contas, categorias, lançamentos ou dashboard pessoal.",Somente catálogo
2111,Transportation,Wander Atlas,https://wanderatlasguides.com/api/,Fora do escopo,"Conteúdo desta categoria não atende a cadastro, contas, categorias, lançamentos ou dashboard pessoal.",Somente catálogo
2119,URL Shorteners,1pt,https://github.com/1pt-co/api/blob/main/README.md,Fora do escopo,"Conteúdo desta categoria não atende a cadastro, contas, categorias, lançamentos ou dashboard pessoal.",Somente catálogo
2120,URL Shorteners,Bitly,http://dev.bitly.com/get_started.html,Fora do escopo,"Conteúdo desta categoria não atende a cadastro, contas, categorias, lançamentos ou dashboard pessoal.",Somente catálogo
2121,URL Shorteners,CleanURI,https://cleanuri.com/docs,Fora do escopo,"Conteúdo desta categoria não atende a cadastro, contas, categorias, lançamentos ou dashboard pessoal.",Somente catálogo
2122,URL Shorteners,ClickMeter,https://support.clickmeter.com/hc/en-us/categories/201474986,Fora do escopo,"Conteúdo desta categoria não atende a cadastro, contas, categorias, lançamentos ou dashboard pessoal.",Somente catálogo
2123,URL Shorteners,Clico,https://cli.com/swagger-ui/index.html?configUrl=/v3/api-docs/swagger-config,Fora do escopo,"Conteúdo desta categoria não atende a cadastro, contas, categorias, lançamentos ou dashboard pessoal.",Somente catálogo
2124,URL Shorteners,Cutt.ly,https://cutt.ly/api-documentation/cuttly-links-api,Fora do escopo,"Conteúdo desta categoria não atende a cadastro, contas, categorias, lançamentos ou dashboard pessoal.",Somente catálogo
2125,URL Shorteners,Drivet URL Shortener,https://wiki.drivet.xyz/en/url-shortener/add-links,Fora do escopo,"Conteúdo desta categoria não atende a cadastro, contas, categorias, lançamentos ou dashboard pessoal.",Somente catálogo
2126,URL Shorteners,Free Url Shortener,https://ulvis.net/developer.html,Fora do escopo,"Conteúdo desta categoria não atende a cadastro, contas, categorias, lançamentos ou dashboard pessoal.",Somente catálogo
2127,URL Shorteners,Git.io,https://github.blog/2011-11-10-git-io-github-url-shortener/,Fora do escopo,"Conteúdo desta categoria não atende a cadastro, contas, categorias, lançamentos ou dashboard pessoal.",Somente catálogo
2128,URL Shorteners,GoTiny,https://github.com/robvanbakel/gotiny-api,Fora do escopo,"Conteúdo desta categoria não atende a cadastro, contas, categorias, lançamentos ou dashboard pessoal.",Somente catálogo
2129,URL Shorteners,Kutt,https://docs.kutt.it/,Fora do escopo,"Conteúdo desta categoria não atende a cadastro, contas, categorias, lançamentos ou dashboard pessoal.",Somente catálogo
2130,URL Shorteners,Mgnet.me,http://mgnet.me/api.html,Fora do escopo,"Conteúdo desta categoria não atende a cadastro, contas, categorias, lançamentos ou dashboard pessoal.",Somente catálogo
2131,URL Shorteners,owo,https://owo.vc/api,Fora do escopo,"Conteúdo desta categoria não atende a cadastro, contas, categorias, lançamentos ou dashboard pessoal.",Somente catálogo
2132,URL Shorteners,Rebrandly,https://developers.rebrandly.com/v1/docs,Fora do escopo,"Conteúdo desta categoria não atende a cadastro, contas, categorias, lançamentos ou dashboard pessoal.",Somente catálogo
2133,URL Shorteners,RedirHub,https://redirhub.com,Fora do escopo,"Conteúdo desta categoria não atende a cadastro, contas, categorias, lançamentos ou dashboard pessoal.",Somente catálogo
2134,URL Shorteners,Short Link,https://github.com/FayasNoushad/Short-Link-API,Fora do escopo,"Conteúdo desta categoria não atende a cadastro, contas, categorias, lançamentos ou dashboard pessoal.",Somente catálogo
2135,URL Shorteners,Shrtcode,https://shrtco.de/docs,Fora do escopo,"Conteúdo desta categoria não atende a cadastro, contas, categorias, lançamentos ou dashboard pessoal.",Somente catálogo
2136,URL Shorteners,Shrtlnk,https://shrtlnk.dev/developer,Fora do escopo,"Conteúdo desta categoria não atende a cadastro, contas, categorias, lançamentos ou dashboard pessoal.",Somente catálogo
2137,URL Shorteners,TinyURL,https://tinyurl.com/app/dev,Fora do escopo,"Conteúdo desta categoria não atende a cadastro, contas, categorias, lançamentos ou dashboard pessoal.",Somente catálogo
2138,URL Shorteners,UrlBae,https://urlbae.com/developers,Fora do escopo,"Conteúdo desta categoria não atende a cadastro, contas, categorias, lançamentos ou dashboard pessoal.",Somente catálogo
2146,Vehicle,Auto Body Shop Directory,https://autobodyshopnear.com/developers/body-shop-api,Fora do escopo,"Conteúdo desta categoria não atende a cadastro, contas, categorias, lançamentos ou dashboard pessoal.",Somente catálogo
2147,Vehicle,Brazilian Vehicles and Prices,https://deividfortuna.github.io/fipe/,Adiar,Avaliação de veículos exige módulo patrimonial fora do escopo atual.,Somente catálogo
2148,Vehicle,CarVector,https://carvector.io/docs,Fora do escopo,"Conteúdo desta categoria não atende a cadastro, contas, categorias, lançamentos ou dashboard pessoal.",Somente catálogo
2149,Vehicle,Helipaddy sites,https://helipaddy.com/api/,Fora do escopo,"Conteúdo desta categoria não atende a cadastro, contas, categorias, lançamentos ou dashboard pessoal.",Somente catálogo
2150,Vehicle,Kelley Blue Book,http://developer.kbb.com/#!/data/1-Default,Fora do escopo,"Conteúdo desta categoria não atende a cadastro, contas, categorias, lançamentos ou dashboard pessoal.",Somente catálogo
2151,Vehicle,Mercedes-Benz,https://developer.mercedes-benz.com/apis,Fora do escopo,"Conteúdo desta categoria não atende a cadastro, contas, categorias, lançamentos ou dashboard pessoal.",Somente catálogo
2152,Vehicle,NHTSA,https://vpic.nhtsa.dot.gov/api/,Fora do escopo,"Conteúdo desta categoria não atende a cadastro, contas, categorias, lançamentos ou dashboard pessoal.",Somente catálogo
2153,Vehicle,ProblemsByVin,https://problemsbyvin.com/data/,Fora do escopo,"Conteúdo desta categoria não atende a cadastro, contas, categorias, lançamentos ou dashboard pessoal.",Somente catálogo
2154,Vehicle,RevCarData,https://revcardata.com,Fora do escopo,"Conteúdo desta categoria não atende a cadastro, contas, categorias, lançamentos ou dashboard pessoal.",Somente catálogo
2155,Vehicle,Smartcar,https://smartcar.com/docs/,Fora do escopo,"Conteúdo desta categoria não atende a cadastro, contas, categorias, lançamentos ou dashboard pessoal.",Somente catálogo
2156,Vehicle,Wheelwise,https://cars.limoja.ai/api/search?q=BMW&limit=1,Fora do escopo,"Conteúdo desta categoria não atende a cadastro, contas, categorias, lançamentos ou dashboard pessoal.",Somente catálogo
2164,Video,An API of Ice And Fire,https://anapioficeandfire.com/,Fora do escopo,"Conteúdo desta categoria não atende a cadastro, contas, categorias, lançamentos ou dashboard pessoal.",Somente catálogo
2165,Video,Bob's Burgers,https://bobs-burgers-api-ui.herokuapp.com,Fora do escopo,"Conteúdo desta categoria não atende a cadastro, contas, categorias, lançamentos ou dashboard pessoal.",Somente catálogo
2166,Video,Breaking Bad,https://breakingbadapi.com/documentation,Fora do escopo,"Conteúdo desta categoria não atende a cadastro, contas, categorias, lançamentos ou dashboard pessoal.",Somente catálogo
2167,Video,Breaking Bad Quotes,https://github.com/shevabam/breaking-bad-quotes,Fora do escopo,"Conteúdo desta categoria não atende a cadastro, contas, categorias, lançamentos ou dashboard pessoal.",Somente catálogo
2168,Video,Catalogopolis,https://api.catalogopolis.xyz/docs/,Fora do escopo,"Conteúdo desta categoria não atende a cadastro, contas, categorias, lançamentos ou dashboard pessoal.",Somente catálogo
2169,Video,Catch The Show,https://catchtheshow.herokuapp.com/api/documentation,Fora do escopo,"Conteúdo desta categoria não atende a cadastro, contas, categorias, lançamentos ou dashboard pessoal.",Somente catálogo
2170,Video,Czech Television,http://www.ceskatelevize.cz/xml/tv-program/,Fora do escopo,"Conteúdo desta categoria não atende a cadastro, contas, categorias, lançamentos ou dashboard pessoal.",Somente catálogo
2171,Video,Dailymotion,https://developer.dailymotion.com/,Fora do escopo,"Conteúdo desta categoria não atende a cadastro, contas, categorias, lançamentos ou dashboard pessoal.",Somente catálogo
2172,Video,Dune,https://github.com/ywalia01/dune-api,Fora do escopo,"Conteúdo desta categoria não atende a cadastro, contas, categorias, lançamentos ou dashboard pessoal.",Somente catálogo
2173,Video,Final Space,https://finalspaceapi.com/docs/,Fora do escopo,"Conteúdo desta categoria não atende a cadastro, contas, categorias, lançamentos ou dashboard pessoal.",Somente catálogo
2174,Video,Game of Thrones Quotes,https://gameofthronesquotes.xyz/,Fora do escopo,"Conteúdo desta categoria não atende a cadastro, contas, categorias, lançamentos ou dashboard pessoal.",Somente catálogo
2175,Video,Harry Potter Charactes,https://hp-api.herokuapp.com/,Fora do escopo,"Conteúdo desta categoria não atende a cadastro, contas, categorias, lançamentos ou dashboard pessoal.",Somente catálogo
2176,Video,Hyperserve,https://hyperserve.io/,Fora do escopo,"Conteúdo desta categoria não atende a cadastro, contas, categorias, lançamentos ou dashboard pessoal.",Somente catálogo
2177,Video,IMDb-API,https://imdb-api.com/,Fora do escopo,"Conteúdo desta categoria não atende a cadastro, contas, categorias, lançamentos ou dashboard pessoal.",Somente catálogo
2178,Video,IMDbOT,https://github.com/SpEcHiDe/IMDbOT,Fora do escopo,"Conteúdo desta categoria não atende a cadastro, contas, categorias, lançamentos ou dashboard pessoal.",Somente catálogo
2179,Video,JSON2Video,https://json2video.com,Fora do escopo,"Conteúdo desta categoria não atende a cadastro, contas, categorias, lançamentos ou dashboard pessoal.",Somente catálogo
2180,Video,KPainter,https://api.kpainter.ai/openapi/v1/docs,Fora do escopo,"Conteúdo desta categoria não atende a cadastro, contas, categorias, lançamentos ou dashboard pessoal.",Somente catálogo
2181,Video,KinoPipe,https://kinopipe.com/docs,Fora do escopo,"Conteúdo desta categoria não atende a cadastro, contas, categorias, lançamentos ou dashboard pessoal.",Somente catálogo
2182,Video,Lucifer Quotes,https://github.com/shadowoff09/lucifer-quotes,Fora do escopo,"Conteúdo desta categoria não atende a cadastro, contas, categorias, lançamentos ou dashboard pessoal.",Somente catálogo
2183,Video,MCU Countdown,https://github.com/DiljotSG/MCU-Countdown,Fora do escopo,"Conteúdo desta categoria não atende a cadastro, contas, categorias, lançamentos ou dashboard pessoal.",Somente catálogo
2184,Video,Motivational Quotes,https://nodejs-quoteapp.herokuapp.com/,Fora do escopo,"Conteúdo desta categoria não atende a cadastro, contas, categorias, lançamentos ou dashboard pessoal.",Somente catálogo
2185,Video,Movie Quote,https://github.com/F4R4N/movie-quote/,Fora do escopo,"Conteúdo desta categoria não atende a cadastro, contas, categorias, lançamentos ou dashboard pessoal.",Somente catálogo
2186,Video,Open Movie Database,http://www.omdbapi.com/,Fora do escopo,"Conteúdo desta categoria não atende a cadastro, contas, categorias, lançamentos ou dashboard pessoal.",Somente catálogo
2187,Video,Owen Wilson Wow,https://owen-wilson-wow-api.herokuapp.com,Fora do escopo,"Conteúdo desta categoria não atende a cadastro, contas, categorias, lançamentos ou dashboard pessoal.",Somente catálogo
2188,Video,Rendobar,https://rendobar.com,Fora do escopo,"Conteúdo desta categoria não atende a cadastro, contas, categorias, lançamentos ou dashboard pessoal.",Somente catálogo
2189,Video,Ron Swanson Quotes,https://github.com/jamesseanwright/ron-swanson-quotes#ron-swanson-quotes-api,Fora do escopo,"Conteúdo desta categoria não atende a cadastro, contas, categorias, lançamentos ou dashboard pessoal.",Somente catálogo
2190,Video,Shotstack,https://shotstack.io/,Fora do escopo,"Conteúdo desta categoria não atende a cadastro, contas, categorias, lançamentos ou dashboard pessoal.",Somente catálogo
2191,Video,Simkl,https://simkl.docs.apiary.io,Fora do escopo,"Conteúdo desta categoria não atende a cadastro, contas, categorias, lançamentos ou dashboard pessoal.",Somente catálogo
2192,Video,STAPI,http://stapi.co,Fora do escopo,"Conteúdo desta categoria não atende a cadastro, contas, categorias, lançamentos ou dashboard pessoal.",Somente catálogo
2193,Video,Stranger Things Quotes,https://github.com/shadowoff09/strangerthings-quotes,Fora do escopo,"Conteúdo desta categoria não atende a cadastro, contas, categorias, lançamentos ou dashboard pessoal.",Somente catálogo
2194,Video,Stream,https://api.stream.cz/graphiql,Fora do escopo,"Conteúdo desta categoria não atende a cadastro, contas, categorias, lançamentos ou dashboard pessoal.",Somente catálogo
2195,Video,Stromberg Quotes,https://www.stromberg-api.de/,Fora do escopo,"Conteúdo desta categoria não atende a cadastro, contas, categorias, lançamentos ou dashboard pessoal.",Somente catálogo
2196,Video,SWAPI,https://swapi.dev/,Fora do escopo,"Conteúdo desta categoria não atende a cadastro, contas, categorias, lançamentos ou dashboard pessoal.",Somente catálogo
2197,Video,SWAPI,https://www.swapi.tech,Fora do escopo,"Conteúdo desta categoria não atende a cadastro, contas, categorias, lançamentos ou dashboard pessoal.",Somente catálogo
2198,Video,SWAPI GraphQL,https://graphql.org/swapi-graphql,Fora do escopo,"Conteúdo desta categoria não atende a cadastro, contas, categorias, lançamentos ou dashboard pessoal.",Somente catálogo
2199,Video,The Lord of the Rings,https://the-one-api.dev/,Fora do escopo,"Conteúdo desta categoria não atende a cadastro, contas, categorias, lançamentos ou dashboard pessoal.",Somente catálogo
2200,Video,The Vampire Diaries,https://vampire-diaries-api.netlify.app/,Fora do escopo,"Conteúdo desta categoria não atende a cadastro, contas, categorias, lançamentos ou dashboard pessoal.",Somente catálogo
2201,Video,ThronesApi,https://thronesapi.com/,Fora do escopo,"Conteúdo desta categoria não atende a cadastro, contas, categorias, lançamentos ou dashboard pessoal.",Somente catálogo
2202,Video,TMDb,https://www.themoviedb.org/documentation/api,Fora do escopo,"Conteúdo desta categoria não atende a cadastro, contas, categorias, lançamentos ou dashboard pessoal.",Somente catálogo
2203,Video,TrailerAddict,https://www.traileraddict.com/trailerapi,Fora do escopo,"Conteúdo desta categoria não atende a cadastro, contas, categorias, lançamentos ou dashboard pessoal.",Somente catálogo
2204,Video,Trakt,https://trakt.docs.apiary.io/,Fora do escopo,"Conteúdo desta categoria não atende a cadastro, contas, categorias, lançamentos ou dashboard pessoal.",Somente catálogo
2205,Video,TVDB,https://thetvdb.com/api-information,Fora do escopo,"Conteúdo desta categoria não atende a cadastro, contas, categorias, lançamentos ou dashboard pessoal.",Somente catálogo
2206,Video,TVMaze,http://www.tvmaze.com/api,Fora do escopo,"Conteúdo desta categoria não atende a cadastro, contas, categorias, lançamentos ou dashboard pessoal.",Somente catálogo
2207,Video,uNoGS,https://rapidapi.com/unogs/api/unogsng,Fora do escopo,"Conteúdo desta categoria não atende a cadastro, contas, categorias, lançamentos ou dashboard pessoal.",Somente catálogo
2208,Video,VidWords,https://vidwords.com/api-docs,Fora do escopo,"Conteúdo desta categoria não atende a cadastro, contas, categorias, lançamentos ou dashboard pessoal.",Somente catálogo
2209,Video,Vimeo,https://developer.vimeo.com/,Fora do escopo,"Conteúdo desta categoria não atende a cadastro, contas, categorias, lançamentos ou dashboard pessoal.",Somente catálogo
2210,Video,Watchmode,https://api.watchmode.com/,Fora do escopo,"Conteúdo desta categoria não atende a cadastro, contas, categorias, lançamentos ou dashboard pessoal.",Somente catálogo
2211,Video,Web Series Quotes Generator,https://github.com/yogeshwaran01/web-series-quotes,Fora do escopo,"Conteúdo desta categoria não atende a cadastro, contas, categorias, lançamentos ou dashboard pessoal.",Somente catálogo
2212,Video,YouTube,https://developers.google.com/youtube/,Fora do escopo,"Conteúdo desta categoria não atende a cadastro, contas, categorias, lançamentos ou dashboard pessoal.",Somente catálogo
2220,Weather,Weatherstack,https://weatherstack.com/?utm_source=Github&utm_medium=Referral&utm_campaign=Public-apis-repo-Best-sellers,Fora do escopo,"Conteúdo desta categoria não atende a cadastro, contas, categorias, lançamentos ou dashboard pessoal.",Somente catálogo
2221,Weather,7Timer!,http://www.7timer.info/doc.php?lang=en,Fora do escopo,"Conteúdo desta categoria não atende a cadastro, contas, categorias, lançamentos ou dashboard pessoal.",Somente catálogo
2222,Weather,AccuWeather,https://developer.accuweather.com/apis,Fora do escopo,"Conteúdo desta categoria não atende a cadastro, contas, categorias, lançamentos ou dashboard pessoal.",Somente catálogo
2223,Weather,Aemet,https://opendata.aemet.es/centrodedescargas/inicio,Fora do escopo,"Conteúdo desta categoria não atende a cadastro, contas, categorias, lançamentos ou dashboard pessoal.",Somente catálogo
2224,Weather,APIXU,https://www.apixu.com/doc/request.aspx,Fora do escopo,"Conteúdo desta categoria não atende a cadastro, contas, categorias, lançamentos ou dashboard pessoal.",Somente catálogo
2225,Weather,AQICN,https://aqicn.org/api/,Fora do escopo,"Conteúdo desta categoria não atende a cadastro, contas, categorias, lançamentos ou dashboard pessoal.",Somente catálogo
2226,Weather,AviationWeather,https://www.aviationweather.gov/dataserver,Fora do escopo,"Conteúdo desta categoria não atende a cadastro, contas, categorias, lançamentos ou dashboard pessoal.",Somente catálogo
2227,Weather,ColorfulClouds,https://open.caiyunapp.com/ColorfulClouds_Weather_API,Fora do escopo,"Conteúdo desta categoria não atende a cadastro, contas, categorias, lançamentos ou dashboard pessoal.",Somente catálogo
2228,Weather,Euskalmet,https://opendata.euskadi.eus/api-euskalmet/-/api-de-euskalmet/,Fora do escopo,"Conteúdo desta categoria não atende a cadastro, contas, categorias, lançamentos ou dashboard pessoal.",Somente catálogo
2229,Weather,Foreca,https://developer.foreca.com,Fora do escopo,"Conteúdo desta categoria não atende a cadastro, contas, categorias, lançamentos ou dashboard pessoal.",Somente catálogo
2230,Weather,Hail History,https://hail-history-noaa.netlify.app/api-docs.html,Fora do escopo,"Conteúdo desta categoria não atende a cadastro, contas, categorias, lançamentos ou dashboard pessoal.",Somente catálogo
2231,Weather,HG Weather,https://hgbrasil.com/status/weather,Fora do escopo,"Conteúdo desta categoria não atende a cadastro, contas, categorias, lançamentos ou dashboard pessoal.",Somente catálogo
2232,Weather,Hong Kong Obervatory,https://www.hko.gov.hk/en/abouthko/opendata_intro.htm,Fora do escopo,"Conteúdo desta categoria não atende a cadastro, contas, categorias, lançamentos ou dashboard pessoal.",Somente catálogo
2233,Weather,IPMA,https://api.ipma.pt/open-data/,Fora do escopo,"Conteúdo desta categoria não atende a cadastro, contas, categorias, lançamentos ou dashboard pessoal.",Somente catálogo
2234,Weather,Meltema,https://meltema.com/docs,Fora do escopo,"Conteúdo desta categoria não atende a cadastro, contas, categorias, lançamentos ou dashboard pessoal.",Somente catálogo
2235,Weather,Meteorologisk Institutt,https://api.met.no/weatherapi/documentation,Fora do escopo,"Conteúdo desta categoria não atende a cadastro, contas, categorias, lançamentos ou dashboard pessoal.",Somente catálogo
2236,Weather,Micro Weather,https://m3o.com/weather/api,Fora do escopo,"Conteúdo desta categoria não atende a cadastro, contas, categorias, lançamentos ou dashboard pessoal.",Somente catálogo
2237,Weather,ODWeather,http://api.oceandrivers.com/static/docs.html,Fora do escopo,"Conteúdo desta categoria não atende a cadastro, contas, categorias, lançamentos ou dashboard pessoal.",Somente catálogo
2238,Weather,Oikolab,https://docs.oikolab.com,Fora do escopo,"Conteúdo desta categoria não atende a cadastro, contas, categorias, lançamentos ou dashboard pessoal.",Somente catálogo
2239,Weather,Open-Meteo,https://open-meteo.com/,Fora do escopo,"Conteúdo desta categoria não atende a cadastro, contas, categorias, lançamentos ou dashboard pessoal.",Somente catálogo
2240,Weather,Open-Meteo Ensemble,https://open-meteo.com/en/docs/ensemble-api,Fora do escopo,"Conteúdo desta categoria não atende a cadastro, contas, categorias, lançamentos ou dashboard pessoal.",Somente catálogo
2241,Weather,openSenseMap,https://api.opensensemap.org/,Fora do escopo,"Conteúdo desta categoria não atende a cadastro, contas, categorias, lançamentos ou dashboard pessoal.",Somente catálogo
2242,Weather,OpenUV,https://www.openuv.io,Fora do escopo,"Conteúdo desta categoria não atende a cadastro, contas, categorias, lançamentos ou dashboard pessoal.",Somente catálogo
2243,Weather,OpenWeatherMap,https://openweathermap.org/api,Fora do escopo,"Conteúdo desta categoria não atende a cadastro, contas, categorias, lançamentos ou dashboard pessoal.",Somente catálogo
2244,Weather,Pirate Weather,https://pirateweather.net/en/latest/,Fora do escopo,"Conteúdo desta categoria não atende a cadastro, contas, categorias, lançamentos ou dashboard pessoal.",Somente catálogo
2245,Weather,QWeather,https://dev.qweather.com/en/,Fora do escopo,"Conteúdo desta categoria não atende a cadastro, contas, categorias, lançamentos ou dashboard pessoal.",Somente catálogo
2246,Weather,Rainbow Weather,https://developer.rainbow.ai/,Fora do escopo,"Conteúdo desta categoria não atende a cadastro, contas, categorias, lançamentos ou dashboard pessoal.",Somente catálogo
2247,Weather,RainViewer,https://www.rainviewer.com/api.html,Fora do escopo,"Conteúdo desta categoria não atende a cadastro, contas, categorias, lançamentos ou dashboard pessoal.",Somente catálogo
2248,Weather,Storm Glass,https://stormglass.io/,Fora do escopo,"Conteúdo desta categoria não atende a cadastro, contas, categorias, lançamentos ou dashboard pessoal.",Somente catálogo
2249,Weather,Tomorrow,https://docs.tomorrow.io,Fora do escopo,"Conteúdo desta categoria não atende a cadastro, contas, categorias, lançamentos ou dashboard pessoal.",Somente catálogo
2250,Weather,US Weather,https://www.weather.gov/documentation/services-web-api,Fora do escopo,"Conteúdo desta categoria não atende a cadastro, contas, categorias, lançamentos ou dashboard pessoal.",Somente catálogo
2251,Weather,Visual Crossing,https://www.visualcrossing.com/weather-api,Fora do escopo,"Conteúdo desta categoria não atende a cadastro, contas, categorias, lançamentos ou dashboard pessoal.",Somente catálogo
2252,Weather,weather-api,https://github.com/robertoduessmann/weather-api,Fora do escopo,"Conteúdo desta categoria não atende a cadastro, contas, categorias, lançamentos ou dashboard pessoal.",Somente catálogo
2253,Weather,WeatherAPI,https://www.weatherapi.com/,Fora do escopo,"Conteúdo desta categoria não atende a cadastro, contas, categorias, lançamentos ou dashboard pessoal.",Somente catálogo
2254,Weather,Weatherbit,https://www.weatherbit.io/api,Fora do escopo,"Conteúdo desta categoria não atende a cadastro, contas, categorias, lançamentos ou dashboard pessoal.",Somente catálogo
2255,Weather,WeatherTotals,https://weathertotals.com/api,Fora do escopo,"Conteúdo desta categoria não atende a cadastro, contas, categorias, lançamentos ou dashboard pessoal.",Somente catálogo
2256,Weather,World Time & Weather,https://worldtimeweather.com/api.html,Fora do escopo,"Conteúdo desta categoria não atende a cadastro, contas, categorias, lançamentos ou dashboard pessoal.",Somente catálogo
2257,Weather,wttr.in,https://wttr.in/:help,Fora do escopo,"Conteúdo desta categoria não atende a cadastro, contas, categorias, lançamentos ou dashboard pessoal.",Somente catálogo
2258,Weather,Yandex.Weather,https://yandex.com/dev/weather/,Fora do escopo,"Conteúdo desta categoria não atende a cadastro, contas, categorias, lançamentos ou dashboard pessoal.",Somente catálogo
